{"stats":{"minecraft:used":{"minecraft:iron_axe":9,"minecraft:bread":1,"minecraft:wooden_pickaxe":29,"minecraft:dirt":3,"minecraft:crafting_table":2,"minecraft:cooked_porkchop":2,"alexsmobs:animal_dictionary":2},"minecraft:dropped":{"minecraft:bread":3,"minecraft:wheat_seeds":1,"alexsmobs:moose_ribs":1,"minecraft:rotten_flesh":2,"minecraft:spider_eye":1,"minecraft:wooden_pickaxe":1},"minecraft:crafted":{"minecraft:cooked_porkchop":3,"minecraft:crafting_table":1,"minecraft:spruce_planks":24,"minecraft:stick":14,"minecraft:wooden_pickaxe":1,"minecraft:stone_pickaxe":1,"minecraft:air":0},"minecraft:killed":{"alexsmobs:moose":1,"minecraft:cow":1},"minecraft:custom":{"minecraft:time_since_rest":0,"minecraft:interact_with_smithing_table":1,"minecraft:waystone_activated":1,"minecraft:sprint_one_cm":71619,"minecraft:damage_taken":2158,"minecraft:walk_one_cm":60901,"minecraft:mob_kills":2,"minecraft:drop":9,"minecraft:damage_dealt":727,"minecraft:talked_to_villager":4,"minecraft:interact_with_crafting_table":5,"minecraft:fly_one_cm":149218,"minecraft:open_chest":7,"minecraft:crouch_one_cm":880,"minecraft:play_time":31036,"minecraft:deaths":7,"minecraft:sneak_time":253,"minecraft:jump":618,"minecraft:leave_game":3,"minecraft:time_since_death":20515,"minecraft:sleep_in_bed":1,"minecraft:climb_one_cm":485,"minecraft:total_world_time":31036,"minecraft:interact_with_smoker":5,"minecraft:fall_one_cm":22323},"minecraft:mined":{"minecraft:smithing_table":1,"minecraft:spruce_log":6,"biomesoplenty:fir_log":3,"minecraft:yellow_bed":1,"minecraft:crafting_table":2,"minecraft:grass_block":1,"minecraft:dirt":5,"minecraft:spruce_leaves":1,"minecraft:stone":24,"minecraft:fern":1},"minecraft:killed_by":{"minecraft:player":5,"minecraft:skeleton":1,"minecraft:creeper":1},"minecraft:picked_up":{"minecraft:crafting_table":2,"minecraft:leather":2,"minecraft:smithing_table":1,"biomesoplenty:fir_sapling":2,"biomesoplenty:fir_log":3,"minecraft:porkchop":3,"minecraft:spruce_sapling":2,"minecraft:yellow_bed":1,"minecraft:spruce_log":6,"minecraft:spider_eye":1,"minecraft:dirt":7,"minecraft:iron_axe":1,"minecraft:rotten_flesh":2,"minecraft:wheat_seeds":2,"minecraft:beef":3,"alexsmobs:moose_ribs":2,"twigs:twig":5,"minecraft:cobblestone":24}},"DataVersion":3465}