{"stats":{"minecraft:used":{"minecraft:dirt":1,"minecraft:crafting_table":1},"minecraft:dropped":{"minecraft:rotten_flesh":2},"minecraft:killed":{"minecraft:cow":1},"minecraft:custom":{"minecraft:time_since_rest":564,"minecraft:crouch_one_cm":58,"minecraft:play_time":9461,"minecraft:sprint_one_cm":16927,"minecraft:deaths":6,"minecraft:damage_taken":1828,"minecraft:walk_one_cm":22060,"minecraft:sneak_time":47,"minecraft:mob_kills":1,"minecraft:drop":2,"minecraft:jump":174,"minecraft:damage_dealt":397,"minecraft:leave_game":1,"minecraft:time_since_death":539,"minecraft:total_world_time":9461,"minecraft:fall_one_cm":6676,"minecraft:fly_one_cm":36872},"minecraft:mined":{"minecraft:dirt":1,"minecraft:fern":1,"minecraft:crafting_table":1},"minecraft:killed_by":{"minecraft:creeper":1,"minecraft:player":5},"minecraft:picked_up":{"minecraft:crafting_table":1,"minecraft:rotten_flesh":2,"minecraft:leather":2,"minecraft:beef":3,"minecraft:dirt":1}},"DataVersion":3465}