{"stats":{"minecraft:used":{"minecraft:iron_shovel":27,"minecraft:shield":1,"minecraft:spruce_planks":27,"minecraft:iron_sword":132,"minecraft:player_head":1,"minecraft:torch":19,"minecraft:dirt":4,"minecraft:snowball":24,"quark:spruce_chest":4,"minecraft:iron_axe":209,"minecraft:stone_bricks":1,"twigs:tangerine_seashell":1,"supplementaries:bomb_blue":1,"minecraft:sweet_berries":6,"minecraft:soul_soil":1,"minecraft:furnace":4,"minecraft:egg":3,"minecraft:cooked_beef":7,"minecraft:water_bucket":13,"minecraft:wooden_pickaxe":29,"minecraft:golden_apple":3,"delightful:salmonberries":12,"minecraft:crafting_table":6,"minecraft:smoker":1,"minecraft:book":2,"delightful:mini_melon":1,"minecraft:apple":5,"minecraft:bread":38,"minecraft:iron_pickaxe":91,"minecraft:cyan_carpet":6,"chipped:diamond_oak_planks":2,"minecraft:stone_axe":4,"minecraft:chiseled_stone_bricks":2,"minecraft:cobblestone":12,"minecraft:cooked_porkchop":3,"quark:oak_chest":6,"minecraft:smithing_table":2,"minecraft:bucket":14,"minecraft:yellow_bed":4,"alexsmobs:animal_dictionary":2,"supplementaries:bamboo_spikes":1,"twigs:pebble":1},"minecraft:dropped":{"biomesoplenty:fir_log":6,"minecraft:bread":3,"minecraft:wheat_seeds":6,"minecraft:cooked_beef":1,"minecraft:minecart":1,"dragonmounts:dragon_egg":1,"minecraft:feather":4,"minecraft:cobblestone":6,"minecraft:prismarine_crystals":2,"minecraft:saddle":1,"minecraft:coal":3,"minecraft:golden_apple":1,"minecraft:emerald":18,"minecraft:dirt":4,"minecraft:brewing_stand":1,"minecraft:gold_nugget":4,"minecraft:iron_axe":4,"minecraft:string":1,"minecraft:dandelion":1,"minecraft:armor_stand":1,"biomesoplenty:toadstool":1,"minecraft:stone_axe":1,"minecraft:wheat":2,"farmersdelight:cabbage_seeds":7,"minecraft:rotten_flesh":11,"minecraft:oak_planks":1,"alexsmobs:ancient_dart":2,"quark:shale":1,"minecraft:spruce_planks":50,"minecraft:barrel":1,"alexsmobs:moose_ribs":1,"minecraft:spider_eye":1,"minecraft:wooden_pickaxe":1,"minecraft:nautilus_shell":4,"minecraft:brick":1},"minecraft:crafted":{"minecraft:oak_planks":56,"minecraft:furnace":2,"minecraft:iron_boots":1,"minecraft:iron_axe":1,"minecraft:stone_pickaxe":1,"backpacked:backpack":1,"quark:spruce_chest":3,"minecraft:smoker":1,"minecraft:cooked_beef":7,"blue_skies:blue_journal":1,"minecraft:cooked_porkchop":3,"minecraft:crafting_table":2,"minecraft:spruce_planks":52,"minecraft:wooden_pickaxe":1,"minecraft:iron_sword":1,"minecraft:air":0,"minecraft:shield":1,"minecraft:stick":16,"quark:oak_chest":4,"minecraft:iron_leggings":1,"minecraft:torch":12},"minecraft:killed":{"minecraft:evoker":1,"minecraft:cave_spider":1,"alexsmobs:anaconda":1,"minecraft:vindicator":5,"minecraft:spider":3,"alexsmobs:snow_leopard":1,"illagerinvasion:marauder":1,"alexsmobs:shoebill":1,"mowziesmobs:frostmaw":1,"illagerinvasion:basher":1,"minecraft:skeleton":8,"illagerinvasion:provoker":1,"alexsmobs:comb_jelly":1,"minecraft:pig":6,"minecraft:sheep":3,"minecraft:pillager":5,"minecraft:zombie":7,"alexsmobs:moose":1,"minecraft:player":1,"minecraft:cow":18},"minecraft:custom":{"minecraft:interact_with_smithing_table":1,"minecraft:mob_kills":67,"minecraft:interact_with_crafting_table":23,"minecraft:open_barrel":11,"minecraft:eat_cake_slice":1,"minecraft:leave_game":4,"minecraft:time_since_death":33468,"minecraft:climb_one_cm":2170,"minecraft:sprint_one_cm":417051,"minecraft:walk_one_cm":341492,"minecraft:damage_blocked_by_shield":40,"minecraft:drop":48,"minecraft:talked_to_villager":7,"minecraft:play_time":139192,"minecraft:deaths":16,"minecraft:sneak_time":1058,"minecraft:walk_under_water_one_cm":16212,"minecraft:boat_one_cm":106314,"minecraft:interact_with_lectern":1,"minecraft:jump":3938,"minecraft:interact_with_blast_furnace":1,"minecraft:walk_on_water_one_cm":15472,"minecraft:total_world_time":139192,"minecraft:interact_with_furnace":9,"minecraft:traded_with_villager":1,"minecraft:sleep_in_bed":7,"minecraft:time_since_rest":25207,"minecraft:waystone_activated":2,"minecraft:damage_taken":7525,"minecraft:damage_absorbed":119,"minecraft:damage_dealt":12351,"twilightforest:life_charms_activated":1,"minecraft:player_kills":1,"minecraft:swim_one_cm":25335,"minecraft:fly_one_cm":1104793,"minecraft:open_chest":109,"minecraft:crouch_one_cm":3134,"minecraft:interact_with_smoker":13,"minecraft:fall_one_cm":108298},"minecraft:mined":{"minecraft:spruce_planks":23,"quark:shale":6,"minecraft:brewing_stand":3,"minecraft:dark_oak_fence":3,"minecraft:grass_block":5,"minecraft:decorated_pot":2,"minecraft:jungle_planks":2,"minecraft:redstone_wire":1,"minecraft:soul_campfire":1,"minecraft:spruce_leaves":1,"biomesoplenty:dead_grass":6,"minecraft:spawner":1,"minecraft:chiseled_stone_bricks":6,"minecraft:furnace":2,"minecraft:iron_ore":8,"minecraft:barrel":1,"minecraft:snow":26,"minecraft:andesite":1,"diagonalfences:minecraft/spruce_fence":1,"minecraft:bookshelf":29,"minecraft:stone":58,"biomesoplenty:spider_egg":1,"minecraft:player_head":1,"minecraft:smithing_table":2,"supplementaries:book_pile_horizontal":1,"minecraft:oak_slab":5,"quark:oak_chest":2,"chipped:diamond_oak_planks":2,"minecraft:crafting_table":4,"minecraft:lectern":1,"minecraft:tall_grass":3,"minecraft:cobblestone":6,"biomesoplenty:sprout":1,"minecraft:oak_planks":2,"minecraft:diorite":6,"minecraft:wall_torch":1,"minecraft:black_wall_banner":1,"minecraft:sweet_berry_bush":2,"twigs:tangerine_seashell":1,"incubation:twig_nest":1,"minecraft:ice":1,"minecraft:spruce_log":7,"minecraft:wither_rose":16,"biomesoplenty:fir_log":4,"minecraft:yellow_bed":4,"minecraft:copper_block":6,"minecraft:grass":69,"minecraft:oak_log":14,"minecraft:coal_ore":6,"delightful:mini_melon":1,"biomesoplenty:fir_leaves":1,"quark:spruce_chest":3,"minecraft:dirt":8,"biomesoplenty:stringy_cobweb":1,"minecraft:stone_bricks":1,"minecraft:dispenser":1,"minecraft:fern":7},"minecraft:killed_by":{"minecraft:player":6,"minecraft:creeper":2,"minecraft:vindicator":7,"minecraft:skeleton":1},"minecraft:picked_up":{"minecraft:crafting_table":4,"illagerinvasion:platinum_chunk":2,"minecraft:smithing_table":2,"friendsandfoes:totem_of_illusion":1,"minecraft:wither_rose":16,"minecraft:potion":1,"minecraft:brewing_stand":3,"spawnersplus:spawner_fragment":1,"minecraft:brick":1,"minecraft:string":5,"minecraft:soul_soil":1,"minecraft:iron_axe":4,"alexsmobs:ancient_dart":2,"minecraft:armor_stand":2,"minecraft:cyan_carpet":6,"quark:spruce_chest":2,"twigs:pebble":1,"minecraft:spruce_planks":74,"minecraft:beef":38,"minecraft:player_head":1,"minecraft:lectern":1,"minecraft:minecart":1,"minecraft:furnace":3,"minecraft:egg":3,"minecraft:raw_iron":7,"minecraft:stick":21,"minecraft:torch":5,"minecraft:spruce_fence":1,"minecraft:porkchop":13,"minecraft:diorite":6,"minecraft:arrow":13,"minecraft:rotten_flesh":12,"mowziesmobs:ice_crystal":1,"minecraft:black_banner":1,"minecraft:saddle":1,"minecraft:gold_ingot":28,"biomesoplenty:white_petals":3,"minecraft:mutton":4,"twigs:tangerine_seashell":1,"minecraft:snowball":24,"minecraft:white_wool":3,"minecraft:cobblestone":65,"minecraft:feather":8,"minecraft:cooked_beef":1,"minecraft:andesite":1,"minecraft:leather":18,"biomesoplenty:fir_sapling":3,"biomesoplenty:fir_log":6,"minecraft:oak_log":14,"minecraft:chainmail_chestplate":1,"minecraft:yellow_bed":4,"minecraft:dirt":13,"minecraft:lantern":1,"minecraft:bone":21,"minecraft:apple":5,"minecraft:stone_bricks":1,"delightful:mini_melon":1,"minecraft:wheat_seeds":6,"minecraft:iron_ingot":16,"twigs:twig":7,"minecraft:oak_planks":4,"minecraft:book":88,"biomesoplenty:toadstool":1,"minecraft:oak_slab":5,"chipped:diamond_oak_planks":2,"minecraft:sweet_berries":6,"quark:shale":6,"minecraft:chiseled_stone_bricks":5,"minecraft:jungle_planks":2,"minecraft:spruce_sapling":2,"delightful:salmonberries":12,"minecraft:barrel":1,"minecraft:spruce_log":7,"quark:oak_chest":2,"minecraft:spider_eye":1,"supplementaries:bamboo_spikes":1,"dragonmounts:dragon_egg":1,"minecraft:golden_apple":1,"minecraft:chainmail_helmet":1,"alexsmobs:moose_ribs":2,"minecraft:emerald":27,"minecraft:bread":3,"minecraft:coal":7,"minecraft:ender_pearl":1}},"DataVersion":3465}