{"stats":{"minecraft:used":{"minecraft:iron_shovel":27,"minecraft:spruce_planks":27,"minecraft:shield":1,"minecraft:iron_sword":98,"minecraft:torch":6,"minecraft:dirt":4,"minecraft:snowball":24,"minecraft:iron_axe":155,"minecraft:stone_bricks":1,"twigs:tangerine_seashell":1,"supplementaries:bomb_blue":1,"minecraft:sweet_berries":6,"minecraft:soul_soil":1,"minecraft:furnace":2,"minecraft:egg":3,"minecraft:cooked_beef":7,"minecraft:water_bucket":3,"minecraft:wooden_pickaxe":29,"minecraft:golden_apple":3,"delightful:salmonberries":12,"minecraft:crafting_table":4,"delightful:mini_melon":1,"minecraft:book":2,"minecraft:apple":5,"minecraft:cyan_carpet":6,"minecraft:iron_pickaxe":33,"minecraft:bread":27,"minecraft:stone_axe":4,"minecraft:chiseled_stone_bricks":2,"minecraft:cobblestone":3,"minecraft:cooked_porkchop":3,"minecraft:bucket":4,"supplementaries:bamboo_spikes":1,"alexsmobs:animal_dictionary":2,"minecraft:yellow_bed":3},"minecraft:dropped":{"biomesoplenty:fir_log":6,"minecraft:bread":3,"minecraft:wheat_seeds":6,"minecraft:cooked_beef":1,"minecraft:minecart":1,"minecraft:feather":4,"minecraft:cobblestone":1,"minecraft:saddle":1,"minecraft:golden_apple":1,"minecraft:emerald":18,"minecraft:dirt":4,"minecraft:brewing_stand":1,"minecraft:iron_axe":4,"minecraft:string":1,"minecraft:dandelion":1,"minecraft:armor_stand":1,"biomesoplenty:toadstool":1,"minecraft:stone_axe":1,"minecraft:rotten_flesh":11,"minecraft:oak_planks":1,"alexsmobs:ancient_dart":2,"quark:shale":1,"minecraft:spruce_planks":50,"alexsmobs:moose_ribs":1,"minecraft:spider_eye":1,"minecraft:wooden_pickaxe":1},"minecraft:crafted":{"minecraft:furnace":1,"minecraft:iron_boots":1,"minecraft:iron_axe":1,"minecraft:stone_pickaxe":1,"backpacked:backpack":1,"minecraft:cooked_beef":7,"blue_skies:blue_journal":1,"minecraft:cooked_porkchop":3,"minecraft:crafting_table":2,"minecraft:spruce_planks":28,"minecraft:wooden_pickaxe":1,"minecraft:iron_sword":1,"minecraft:air":0,"minecraft:shield":1,"minecraft:stick":16,"minecraft:iron_leggings":1,"minecraft:torch":12},"minecraft:killed":{"minecraft:evoker":1,"minecraft:cave_spider":1,"alexsmobs:anaconda":1,"minecraft:spider":3,"minecraft:vindicator":4,"alexsmobs:snow_leopard":1,"illagerinvasion:marauder":1,"alexsmobs:shoebill":1,"illagerinvasion:basher":1,"minecraft:skeleton":8,"illagerinvasion:provoker":1,"minecraft:pig":6,"minecraft:sheep":3,"minecraft:pillager":2,"minecraft:zombie":5,"alexsmobs:moose":1,"minecraft:player":1,"minecraft:cow":18},"minecraft:custom":{"minecraft:interact_with_smithing_table":1,"minecraft:mob_kills":59,"minecraft:interact_with_crafting_table":14,"minecraft:open_barrel":7,"minecraft:eat_cake_slice":1,"minecraft:leave_game":3,"minecraft:time_since_death":11859,"minecraft:climb_one_cm":2170,"minecraft:sprint_one_cm":335590,"minecraft:walk_one_cm":272482,"minecraft:damage_blocked_by_shield":40,"minecraft:drop":38,"minecraft:talked_to_villager":6,"minecraft:play_time":103036,"minecraft:deaths":13,"minecraft:sneak_time":693,"minecraft:walk_under_water_one_cm":3996,"minecraft:interact_with_lectern":1,"minecraft:jump":3111,"minecraft:walk_on_water_one_cm":6521,"minecraft:total_world_time":103036,"minecraft:interact_with_furnace":9,"minecraft:traded_with_villager":1,"minecraft:sleep_in_bed":4,"minecraft:time_since_rest":11893,"minecraft:waystone_activated":1,"minecraft:damage_taken":6358,"minecraft:damage_absorbed":119,"minecraft:damage_dealt":10221,"twilightforest:life_charms_activated":1,"minecraft:swim_one_cm":4529,"minecraft:fly_one_cm":855717,"minecraft:player_kills":1,"minecraft:open_chest":44,"minecraft:crouch_one_cm":2694,"minecraft:interact_with_smoker":9,"minecraft:fall_one_cm":91320},"minecraft:mined":{"minecraft:spruce_planks":23,"quark:shale":1,"minecraft:brewing_stand":1,"minecraft:dark_oak_fence":1,"minecraft:grass_block":3,"minecraft:jungle_planks":2,"minecraft:redstone_wire":1,"minecraft:soul_campfire":1,"minecraft:spruce_leaves":1,"biomesoplenty:dead_grass":6,"minecraft:chiseled_stone_bricks":6,"minecraft:furnace":2,"minecraft:snow":26,"minecraft:bookshelf":12,"minecraft:stone":24,"biomesoplenty:spider_egg":1,"minecraft:player_head":1,"minecraft:smithing_table":1,"supplementaries:book_pile_horizontal":1,"minecraft:crafting_table":3,"minecraft:tall_grass":3,"minecraft:cobblestone":6,"biomesoplenty:sprout":1,"minecraft:oak_planks":2,"minecraft:wall_torch":1,"minecraft:ice":1,"twigs:tangerine_seashell":1,"minecraft:sweet_berry_bush":2,"incubation:twig_nest":1,"minecraft:black_wall_banner":1,"minecraft:spruce_log":7,"minecraft:copper_block":6,"biomesoplenty:fir_log":4,"minecraft:yellow_bed":4,"minecraft:wither_rose":16,"minecraft:grass":67,"minecraft:coal_ore":6,"delightful:mini_melon":1,"biomesoplenty:fir_leaves":1,"quark:spruce_chest":1,"minecraft:dirt":5,"biomesoplenty:stringy_cobweb":1,"minecraft:stone_bricks":1,"minecraft:dispenser":1,"minecraft:fern":6},"minecraft:killed_by":{"minecraft:player":6,"minecraft:creeper":2,"minecraft:vindicator":4,"minecraft:skeleton":1},"minecraft:picked_up":{"minecraft:crafting_table":3,"minecraft:smithing_table":1,"friendsandfoes:totem_of_illusion":1,"minecraft:wither_rose":16,"minecraft:potion":1,"minecraft:brewing_stand":1,"minecraft:soul_soil":1,"minecraft:string":5,"minecraft:iron_axe":4,"alexsmobs:ancient_dart":2,"minecraft:armor_stand":2,"minecraft:cyan_carpet":6,"minecraft:spruce_planks":74,"minecraft:beef":38,"minecraft:player_head":1,"minecraft:minecart":1,"minecraft:furnace":3,"minecraft:egg":3,"minecraft:stick":21,"minecraft:torch":3,"minecraft:porkchop":13,"minecraft:arrow":11,"minecraft:rotten_flesh":11,"minecraft:saddle":1,"minecraft:gold_ingot":28,"biomesoplenty:white_petals":3,"minecraft:mutton":4,"twigs:tangerine_seashell":1,"minecraft:snowball":24,"minecraft:white_wool":3,"minecraft:cobblestone":31,"minecraft:cooked_beef":1,"minecraft:feather":8,"minecraft:leather":18,"biomesoplenty:fir_sapling":3,"biomesoplenty:fir_log":6,"minecraft:chainmail_chestplate":1,"minecraft:yellow_bed":4,"minecraft:dirt":8,"minecraft:bone":21,"minecraft:apple":5,"minecraft:stone_bricks":1,"delightful:mini_melon":1,"minecraft:wheat_seeds":6,"minecraft:iron_ingot":16,"twigs:twig":6,"minecraft:oak_planks":3,"minecraft:book":37,"biomesoplenty:toadstool":1,"minecraft:sweet_berries":6,"quark:shale":1,"minecraft:chiseled_stone_bricks":5,"minecraft:jungle_planks":2,"minecraft:spruce_sapling":2,"delightful:salmonberries":12,"minecraft:spruce_log":7,"minecraft:spider_eye":1,"supplementaries:bamboo_spikes":1,"minecraft:golden_apple":1,"alexsmobs:moose_ribs":2,"minecraft:emerald":26,"minecraft:chainmail_helmet":1,"minecraft:bread":3,"minecraft:coal":7,"minecraft:ender_pearl":1}},"DataVersion":3465}