{"stats":{"minecraft:used":{"minecraft:iron_shovel":26,"minecraft:spruce_planks":15,"minecraft:wooden_pickaxe":29,"delightful:salmonberries":12,"minecraft:dirt":3,"minecraft:crafting_table":2,"minecraft:snowball":24,"minecraft:book":1,"minecraft:apple":5,"minecraft:iron_axe":113,"minecraft:bread":15,"minecraft:iron_pickaxe":15,"twigs:tangerine_seashell":1,"minecraft:stone_axe":4,"minecraft:chiseled_stone_bricks":2,"minecraft:cobblestone":3,"minecraft:sweet_berries":6,"minecraft:cooked_porkchop":3,"minecraft:yellow_bed":2,"alexsmobs:animal_dictionary":2,"minecraft:egg":3},"minecraft:dropped":{"biomesoplenty:toadstool":1,"minecraft:bread":3,"minecraft:stone_axe":1,"minecraft:wheat_seeds":4,"minecraft:feather":4,"minecraft:rotten_flesh":6,"quark:shale":1,"minecraft:dirt":4,"alexsmobs:moose_ribs":1,"minecraft:spider_eye":1,"minecraft:wooden_pickaxe":1,"minecraft:string":1,"minecraft:armor_stand":1},"minecraft:crafted":{"minecraft:cooked_porkchop":3,"minecraft:crafting_table":1,"minecraft:spruce_planks":24,"minecraft:wooden_pickaxe":1,"minecraft:air":0,"minecraft:stick":16,"minecraft:stone_pickaxe":1},"minecraft:killed":{"minecraft:evoker":1,"minecraft:cave_spider":1,"alexsmobs:anaconda":1,"minecraft:vindicator":4,"minecraft:spider":3,"illagerinvasion:marauder":1,"alexsmobs:shoebill":1,"illagerinvasion:basher":1,"minecraft:zombie":3,"illagerinvasion:provoker":1,"alexsmobs:moose":1,"minecraft:player":1,"minecraft:cow":3},"minecraft:custom":{"minecraft:interact_with_smithing_table":1,"minecraft:mob_kills":21,"minecraft:interact_with_crafting_table":5,"minecraft:open_barrel":5,"minecraft:leave_game":3,"minecraft:time_since_death":1671,"minecraft:sleep_in_bed":2,"minecraft:climb_one_cm":886,"minecraft:time_since_rest":1702,"minecraft:waystone_activated":1,"minecraft:sprint_one_cm":212761,"minecraft:damage_taken":4792,"minecraft:walk_one_cm":178410,"minecraft:drop":18,"minecraft:damage_dealt":5252,"twilightforest:life_charms_activated":1,"minecraft:swim_one_cm":1049,"minecraft:talked_to_villager":4,"minecraft:fly_one_cm":548148,"minecraft:player_kills":1,"minecraft:open_chest":30,"minecraft:crouch_one_cm":1855,"minecraft:play_time":67036,"minecraft:deaths":12,"minecraft:sneak_time":447,"minecraft:walk_under_water_one_cm":404,"minecraft:interact_with_lectern":1,"minecraft:jump":1934,"minecraft:walk_on_water_one_cm":2799,"minecraft:interact_with_smoker":6,"minecraft:total_world_time":67036,"minecraft:fall_one_cm":52020},"minecraft:mined":{"minecraft:smithing_table":1,"minecraft:spruce_planks":6,"quark:shale":1,"minecraft:brewing_stand":1,"minecraft:crafting_table":2,"minecraft:dark_oak_fence":1,"minecraft:grass_block":1,"minecraft:spruce_leaves":1,"biomesoplenty:sprout":1,"biomesoplenty:dead_grass":6,"minecraft:chiseled_stone_bricks":6,"incubation:twig_nest":1,"minecraft:sweet_berry_bush":2,"twigs:tangerine_seashell":1,"minecraft:snow":26,"minecraft:black_wall_banner":1,"minecraft:spruce_log":6,"minecraft:wither_rose":16,"biomesoplenty:fir_log":4,"minecraft:yellow_bed":2,"minecraft:grass":12,"minecraft:bookshelf":12,"minecraft:coal_ore":6,"minecraft:dirt":5,"biomesoplenty:stringy_cobweb":1,"biomesoplenty:spider_egg":1,"minecraft:stone":24,"minecraft:fern":4},"minecraft:killed_by":{"minecraft:vindicator":4,"minecraft:player":6,"minecraft:skeleton":1,"minecraft:creeper":1},"minecraft:picked_up":{"minecraft:crafting_table":2,"minecraft:feather":8,"minecraft:leather":4,"minecraft:smithing_table":1,"friendsandfoes:totem_of_illusion":1,"biomesoplenty:fir_sapling":3,"biomesoplenty:fir_log":6,"minecraft:wither_rose":16,"minecraft:chainmail_chestplate":1,"minecraft:brewing_stand":1,"minecraft:yellow_bed":2,"minecraft:string":5,"minecraft:dirt":7,"minecraft:iron_axe":1,"minecraft:armor_stand":2,"minecraft:apple":5,"minecraft:wheat_seeds":4,"minecraft:spruce_planks":7,"minecraft:beef":8,"twigs:twig":6,"minecraft:egg":3,"minecraft:book":36,"biomesoplenty:toadstool":1,"minecraft:stick":3,"minecraft:sweet_berries":6,"minecraft:chiseled_stone_bricks":5,"quark:shale":1,"minecraft:torch":1,"minecraft:porkchop":3,"minecraft:spruce_sapling":2,"delightful:salmonberries":12,"minecraft:spruce_log":6,"minecraft:spider_eye":1,"minecraft:rotten_flesh":6,"minecraft:bread":3,"minecraft:chainmail_helmet":1,"minecraft:emerald":6,"alexsmobs:moose_ribs":2,"biomesoplenty:white_petals":3,"twigs:tangerine_seashell":1,"minecraft:coal":7,"minecraft:snowball":24,"minecraft:cobblestone":24,"minecraft:ender_pearl":1}},"DataVersion":3465}