{"stats":{"minecraft:used":{"minecraft:iron_shovel":26,"minecraft:wooden_pickaxe":29,"delightful:salmonberries":10,"minecraft:dirt":3,"minecraft:crafting_table":2,"minecraft:snowball":24,"minecraft:book":1,"minecraft:apple":5,"minecraft:iron_axe":61,"minecraft:bread":9,"minecraft:iron_pickaxe":9,"twigs:tangerine_seashell":1,"minecraft:sweet_berries":6,"minecraft:cooked_porkchop":3,"minecraft:yellow_bed":2,"alexsmobs:animal_dictionary":2,"minecraft:egg":3},"minecraft:dropped":{"biomesoplenty:toadstool":1,"minecraft:bread":3,"minecraft:wheat_seeds":4,"minecraft:rotten_flesh":6,"minecraft:dirt":4,"alexsmobs:moose_ribs":1,"minecraft:spider_eye":1,"minecraft:wooden_pickaxe":1,"minecraft:string":1},"minecraft:crafted":{"minecraft:cooked_porkchop":3,"minecraft:crafting_table":1,"minecraft:spruce_planks":24,"minecraft:wooden_pickaxe":1,"minecraft:air":0,"minecraft:stick":16,"minecraft:stone_pickaxe":1},"minecraft:killed":{"alexsmobs:anaconda":1,"minecraft:spider":3,"alexsmobs:shoebill":1,"minecraft:zombie":3,"alexsmobs:moose":1,"minecraft:cow":3},"minecraft:custom":{"minecraft:interact_with_smithing_table":1,"minecraft:mob_kills":12,"minecraft:interact_with_crafting_table":5,"minecraft:open_barrel":5,"minecraft:leave_game":3,"minecraft:time_since_death":236,"minecraft:sleep_in_bed":2,"minecraft:climb_one_cm":886,"minecraft:time_since_rest":266,"minecraft:waystone_activated":1,"minecraft:sprint_one_cm":156244,"minecraft:damage_taken":3608,"minecraft:walk_one_cm":126804,"minecraft:drop":14,"minecraft:damage_dealt":3205,"twilightforest:life_charms_activated":1,"minecraft:swim_one_cm":1049,"minecraft:talked_to_villager":4,"minecraft:fly_one_cm":464025,"minecraft:open_chest":8,"minecraft:crouch_one_cm":1698,"minecraft:play_time":55036,"minecraft:deaths":9,"minecraft:sneak_time":379,"minecraft:walk_under_water_one_cm":404,"minecraft:interact_with_lectern":1,"minecraft:jump":1598,"minecraft:walk_on_water_one_cm":2314,"minecraft:interact_with_smoker":5,"minecraft:total_world_time":55036,"minecraft:fall_one_cm":50464},"minecraft:mined":{"minecraft:smithing_table":1,"quark:shale":1,"minecraft:brewing_stand":1,"minecraft:crafting_table":2,"minecraft:grass_block":1,"minecraft:spruce_leaves":1,"biomesoplenty:sprout":1,"biomesoplenty:dead_grass":6,"incubation:twig_nest":1,"minecraft:sweet_berry_bush":2,"twigs:tangerine_seashell":1,"minecraft:snow":26,"minecraft:spruce_log":6,"minecraft:wither_rose":16,"biomesoplenty:fir_log":4,"minecraft:yellow_bed":2,"minecraft:grass":12,"minecraft:bookshelf":3,"minecraft:coal_ore":6,"minecraft:dirt":5,"minecraft:stone":24,"minecraft:fern":4},"minecraft:killed_by":{"minecraft:vindicator":2,"minecraft:player":5,"minecraft:skeleton":1,"minecraft:creeper":1},"minecraft:picked_up":{"minecraft:crafting_table":2,"minecraft:feather":4,"minecraft:leather":4,"minecraft:smithing_table":1,"friendsandfoes:totem_of_illusion":1,"biomesoplenty:fir_sapling":3,"biomesoplenty:fir_log":6,"minecraft:wither_rose":16,"minecraft:brewing_stand":1,"minecraft:yellow_bed":2,"minecraft:string":5,"minecraft:dirt":7,"minecraft:iron_axe":1,"minecraft:apple":5,"minecraft:wheat_seeds":4,"minecraft:beef":5,"twigs:twig":6,"minecraft:egg":3,"minecraft:book":9,"biomesoplenty:toadstool":1,"minecraft:stick":3,"minecraft:sweet_berries":6,"quark:shale":1,"minecraft:porkchop":3,"minecraft:spruce_sapling":2,"delightful:salmonberries":12,"minecraft:spruce_log":6,"minecraft:spider_eye":1,"minecraft:rotten_flesh":6,"alexsmobs:moose_ribs":2,"biomesoplenty:white_petals":3,"twigs:tangerine_seashell":1,"minecraft:coal":7,"minecraft:snowball":24,"minecraft:cobblestone":24,"minecraft:ender_pearl":1}},"DataVersion":3465}