{"stats":{"minecraft:used":{"minecraft:bread":1,"minecraft:wooden_pickaxe":29,"minecraft:dirt":3,"minecraft:crafting_table":1,"minecraft:cooked_porkchop":1},"minecraft:dropped":{"minecraft:rotten_flesh":2,"minecraft:spider_eye":1,"minecraft:wooden_pickaxe":1},"minecraft:crafted":{"minecraft:cooked_porkchop":3,"minecraft:crafting_table":1,"minecraft:spruce_planks":24,"minecraft:stick":4,"minecraft:wooden_pickaxe":1,"minecraft:air":0},"minecraft:killed":{"minecraft:cow":1},"minecraft:custom":{"minecraft:time_since_rest":11893,"minecraft:sprint_one_cm":52304,"minecraft:damage_taken":2158,"minecraft:walk_one_cm":42103,"minecraft:mob_kills":1,"minecraft:drop":4,"minecraft:damage_dealt":447,"minecraft:interact_with_crafting_table":4,"minecraft:fly_one_cm":111745,"minecraft:open_chest":3,"minecraft:crouch_one_cm":161,"minecraft:play_time":22389,"minecraft:deaths":7,"minecraft:sneak_time":115,"minecraft:jump":459,"minecraft:leave_game":3,"minecraft:time_since_death":11868,"minecraft:total_world_time":22389,"minecraft:interact_with_smoker":5,"minecraft:fall_one_cm":17582},"minecraft:mined":{"minecraft:spruce_log":6,"minecraft:crafting_table":1,"minecraft:grass_block":1,"minecraft:dirt":5,"minecraft:spruce_leaves":1,"minecraft:stone":24,"minecraft:fern":1},"minecraft:killed_by":{"minecraft:player":5,"minecraft:skeleton":1,"minecraft:creeper":1},"minecraft:picked_up":{"minecraft:crafting_table":1,"minecraft:leather":2,"minecraft:porkchop":3,"minecraft:spruce_sapling":2,"minecraft:spruce_log":6,"minecraft:spider_eye":1,"minecraft:dirt":7,"minecraft:iron_axe":1,"minecraft:rotten_flesh":2,"minecraft:beef":3,"twigs:twig":5,"minecraft:cobblestone":24}},"DataVersion":3465}