{"stats":{"minecraft:used":{"minecraft:iron_shovel":26,"minecraft:wooden_pickaxe":29,"minecraft:dirt":3,"minecraft:crafting_table":2,"minecraft:snowball":24,"minecraft:apple":2,"minecraft:iron_axe":22,"minecraft:bread":9,"minecraft:iron_pickaxe":8,"twigs:tangerine_seashell":1,"minecraft:cooked_porkchop":2,"alexsmobs:animal_dictionary":2},"minecraft:dropped":{"minecraft:bread":3,"minecraft:wheat_seeds":1,"minecraft:rotten_flesh":2,"alexsmobs:moose_ribs":1,"minecraft:spider_eye":1,"minecraft:wooden_pickaxe":1},"minecraft:crafted":{"minecraft:cooked_porkchop":3,"minecraft:crafting_table":1,"minecraft:spruce_planks":24,"minecraft:wooden_pickaxe":1,"minecraft:air":0,"minecraft:stick":16,"minecraft:stone_pickaxe":1},"minecraft:killed":{"alexsmobs:anaconda":1,"alexsmobs:shoebill":1,"alexsmobs:moose":1,"minecraft:cow":1},"minecraft:custom":{"minecraft:interact_with_smithing_table":1,"minecraft:mob_kills":4,"minecraft:interact_with_crafting_table":5,"minecraft:leave_game":3,"minecraft:time_since_death":32515,"minecraft:sleep_in_bed":1,"minecraft:climb_one_cm":485,"minecraft:time_since_rest":11822,"minecraft:waystone_activated":1,"minecraft:sprint_one_cm":112140,"minecraft:damage_taken":2598,"minecraft:walk_one_cm":90031,"minecraft:drop":9,"minecraft:damage_dealt":1365,"minecraft:talked_to_villager":4,"minecraft:fly_one_cm":342718,"minecraft:open_chest":8,"minecraft:crouch_one_cm":1608,"minecraft:play_time":43036,"minecraft:deaths":7,"minecraft:sneak_time":325,"minecraft:jump":1143,"minecraft:interact_with_smoker":5,"minecraft:total_world_time":43036,"minecraft:fall_one_cm":33615},"minecraft:mined":{"minecraft:smithing_table":1,"quark:shale":1,"minecraft:crafting_table":2,"minecraft:grass_block":1,"minecraft:spruce_leaves":1,"twigs:tangerine_seashell":1,"minecraft:snow":26,"minecraft:spruce_log":6,"biomesoplenty:fir_log":4,"minecraft:yellow_bed":1,"minecraft:coal_ore":6,"minecraft:dirt":5,"minecraft:stone":24,"minecraft:fern":1},"minecraft:killed_by":{"minecraft:player":5,"minecraft:skeleton":1,"minecraft:creeper":1},"minecraft:picked_up":{"minecraft:crafting_table":2,"minecraft:feather":4,"minecraft:leather":2,"minecraft:smithing_table":1,"biomesoplenty:fir_sapling":3,"biomesoplenty:fir_log":6,"minecraft:yellow_bed":1,"minecraft:dirt":7,"minecraft:iron_axe":1,"minecraft:apple":5,"minecraft:wheat_seeds":3,"minecraft:beef":3,"twigs:twig":6,"minecraft:sweet_berries":6,"quark:shale":1,"minecraft:porkchop":3,"minecraft:spruce_sapling":2,"minecraft:spruce_log":6,"minecraft:spider_eye":1,"minecraft:rotten_flesh":2,"alexsmobs:moose_ribs":2,"biomesoplenty:white_petals":3,"twigs:tangerine_seashell":1,"minecraft:coal":7,"minecraft:snowball":24,"minecraft:cobblestone":24}},"DataVersion":3465}