{"stats":{"minecraft:used":{"minecraft:iron_shovel":27,"minecraft:spruce_planks":27,"minecraft:shield":1,"minecraft:iron_sword":78,"minecraft:torch":6,"minecraft:dirt":3,"minecraft:snowball":24,"minecraft:iron_axe":144,"twigs:tangerine_seashell":1,"supplementaries:bomb_blue":1,"minecraft:sweet_berries":6,"minecraft:furnace":2,"minecraft:egg":3,"minecraft:cooked_beef":7,"minecraft:water_bucket":3,"minecraft:wooden_pickaxe":29,"minecraft:golden_apple":3,"delightful:salmonberries":12,"minecraft:crafting_table":4,"minecraft:book":2,"minecraft:apple":5,"minecraft:cyan_carpet":6,"minecraft:iron_pickaxe":32,"minecraft:bread":20,"minecraft:stone_axe":4,"minecraft:chiseled_stone_bricks":2,"minecraft:cobblestone":3,"minecraft:cooked_porkchop":3,"minecraft:bucket":4,"supplementaries:bamboo_spikes":1,"alexsmobs:animal_dictionary":2,"minecraft:yellow_bed":2},"minecraft:dropped":{"biomesoplenty:fir_log":6,"minecraft:bread":3,"minecraft:wheat_seeds":4,"minecraft:cooked_beef":1,"minecraft:minecart":1,"minecraft:feather":4,"minecraft:cobblestone":1,"minecraft:saddle":1,"minecraft:golden_apple":1,"minecraft:emerald":18,"minecraft:dirt":4,"minecraft:brewing_stand":1,"minecraft:iron_axe":4,"minecraft:string":1,"minecraft:armor_stand":1,"biomesoplenty:toadstool":1,"minecraft:stone_axe":1,"minecraft:rotten_flesh":11,"minecraft:oak_planks":1,"alexsmobs:ancient_dart":2,"quark:shale":1,"minecraft:spruce_planks":50,"alexsmobs:moose_ribs":1,"minecraft:spider_eye":1,"minecraft:wooden_pickaxe":1},"minecraft:crafted":{"minecraft:furnace":1,"minecraft:iron_boots":1,"minecraft:iron_axe":1,"minecraft:stone_pickaxe":1,"backpacked:backpack":1,"minecraft:cooked_beef":7,"minecraft:cooked_porkchop":3,"minecraft:crafting_table":2,"minecraft:spruce_planks":28,"minecraft:wooden_pickaxe":1,"minecraft:iron_sword":1,"minecraft:air":0,"minecraft:shield":1,"minecraft:stick":16,"minecraft:iron_leggings":1,"minecraft:torch":12},"minecraft:killed":{"minecraft:evoker":1,"minecraft:cave_spider":1,"alexsmobs:anaconda":1,"minecraft:spider":3,"minecraft:vindicator":4,"illagerinvasion:marauder":1,"alexsmobs:shoebill":1,"illagerinvasion:basher":1,"minecraft:skeleton":8,"illagerinvasion:provoker":1,"minecraft:pig":4,"minecraft:pillager":2,"minecraft:zombie":5,"alexsmobs:moose":1,"minecraft:player":1,"minecraft:cow":7},"minecraft:custom":{"minecraft:interact_with_smithing_table":1,"minecraft:mob_kills":42,"minecraft:interact_with_crafting_table":13,"minecraft:open_barrel":5,"minecraft:eat_cake_slice":1,"minecraft:leave_game":3,"minecraft:time_since_death":25671,"minecraft:climb_one_cm":2170,"minecraft:sprint_one_cm":284680,"minecraft:walk_one_cm":251263,"minecraft:damage_blocked_by_shield":40,"minecraft:drop":35,"minecraft:talked_to_villager":4,"minecraft:play_time":91036,"minecraft:deaths":12,"minecraft:sneak_time":673,"minecraft:walk_under_water_one_cm":3104,"minecraft:interact_with_lectern":1,"minecraft:jump":2634,"minecraft:walk_on_water_one_cm":5687,"minecraft:total_world_time":91036,"minecraft:interact_with_furnace":5,"minecraft:sleep_in_bed":4,"minecraft:time_since_rest":9397,"minecraft:waystone_activated":1,"minecraft:damage_taken":5908,"minecraft:damage_absorbed":119,"minecraft:damage_dealt":8238,"twilightforest:life_charms_activated":1,"minecraft:swim_one_cm":2006,"minecraft:fly_one_cm":727534,"minecraft:player_kills":1,"minecraft:open_chest":41,"minecraft:crouch_one_cm":2694,"minecraft:interact_with_smoker":9,"minecraft:fall_one_cm":74222},"minecraft:mined":{"minecraft:spruce_planks":23,"quark:shale":1,"minecraft:brewing_stand":1,"minecraft:dark_oak_fence":1,"minecraft:grass_block":2,"minecraft:jungle_planks":2,"minecraft:redstone_wire":1,"minecraft:spruce_leaves":1,"biomesoplenty:dead_grass":6,"minecraft:chiseled_stone_bricks":6,"minecraft:furnace":2,"minecraft:snow":26,"minecraft:bookshelf":12,"minecraft:stone":24,"biomesoplenty:spider_egg":1,"minecraft:player_head":1,"minecraft:smithing_table":1,"supplementaries:book_pile_horizontal":1,"minecraft:crafting_table":3,"minecraft:cobblestone":6,"biomesoplenty:sprout":1,"minecraft:oak_planks":2,"minecraft:wall_torch":1,"minecraft:ice":1,"twigs:tangerine_seashell":1,"minecraft:sweet_berry_bush":2,"incubation:twig_nest":1,"minecraft:black_wall_banner":1,"minecraft:spruce_log":7,"minecraft:copper_block":6,"biomesoplenty:fir_log":4,"minecraft:yellow_bed":3,"minecraft:wither_rose":16,"minecraft:grass":13,"minecraft:coal_ore":6,"biomesoplenty:fir_leaves":1,"quark:spruce_chest":1,"minecraft:dirt":5,"biomesoplenty:stringy_cobweb":1,"minecraft:dispenser":1,"minecraft:fern":6},"minecraft:killed_by":{"minecraft:player":6,"minecraft:creeper":1,"minecraft:vindicator":4,"minecraft:skeleton":1},"minecraft:picked_up":{"minecraft:crafting_table":3,"minecraft:smithing_table":1,"friendsandfoes:totem_of_illusion":1,"minecraft:wither_rose":16,"minecraft:potion":1,"minecraft:brewing_stand":1,"minecraft:string":5,"minecraft:iron_axe":4,"alexsmobs:ancient_dart":2,"minecraft:armor_stand":2,"minecraft:cyan_carpet":6,"minecraft:spruce_planks":74,"minecraft:beef":11,"minecraft:player_head":1,"minecraft:minecart":1,"minecraft:furnace":3,"minecraft:egg":3,"minecraft:stick":21,"minecraft:torch":3,"minecraft:porkchop":10,"minecraft:arrow":11,"minecraft:rotten_flesh":11,"minecraft:saddle":1,"minecraft:gold_ingot":28,"biomesoplenty:white_petals":3,"twigs:tangerine_seashell":1,"minecraft:snowball":24,"minecraft:cobblestone":31,"minecraft:cooked_beef":1,"minecraft:feather":8,"minecraft:leather":8,"biomesoplenty:fir_sapling":3,"biomesoplenty:fir_log":6,"minecraft:chainmail_chestplate":1,"minecraft:yellow_bed":3,"minecraft:dirt":7,"minecraft:bone":21,"minecraft:apple":5,"minecraft:wheat_seeds":4,"minecraft:iron_ingot":16,"twigs:twig":6,"minecraft:oak_planks":3,"minecraft:book":37,"biomesoplenty:toadstool":1,"minecraft:sweet_berries":6,"quark:shale":1,"minecraft:chiseled_stone_bricks":5,"minecraft:jungle_planks":2,"minecraft:spruce_sapling":2,"delightful:salmonberries":12,"minecraft:spruce_log":7,"minecraft:spider_eye":1,"supplementaries:bamboo_spikes":1,"minecraft:golden_apple":1,"alexsmobs:moose_ribs":2,"minecraft:emerald":26,"minecraft:chainmail_helmet":1,"minecraft:bread":3,"minecraft:coal":7,"minecraft:ender_pearl":1}},"DataVersion":3465}