{"stats":{"minecraft:used":{"minecraft:dirt":1,"minecraft:crafting_table":1},"minecraft:dropped":{"minecraft:rotten_flesh":2},"minecraft:killed":{"minecraft:cow":1},"minecraft:custom":{"minecraft:time_since_rest":1884,"minecraft:play_time":4932,"minecraft:sprint_one_cm":9298,"minecraft:walk_one_cm":13604,"minecraft:damage_taken":670,"minecraft:deaths":2,"minecraft:mob_kills":1,"minecraft:drop":2,"minecraft:jump":105,"minecraft:damage_dealt":248,"minecraft:leave_game":1,"minecraft:time_since_death":1860,"minecraft:total_world_time":4932,"minecraft:fly_one_cm":18685,"minecraft:fall_one_cm":2036},"minecraft:mined":{"minecraft:dirt":1,"minecraft:crafting_table":1,"minecraft:fern":1},"minecraft:killed_by":{"minecraft:creeper":1,"minecraft:player":1},"minecraft:picked_up":{"minecraft:crafting_table":1,"minecraft:rotten_flesh":2,"minecraft:leather":2,"minecraft:beef":3,"minecraft:dirt":1}},"DataVersion":3465}