{"stats":{"minecraft:broken":{"minecraft:stone_axe":1},"minecraft:used":{"minecraft:spruce_planks":18,"crabbersdelight:crab":3,"twigs:roseate_seashell":1,"minecraft:torch":1,"minecraft:dirt":13,"minecraft:mutton":1,"minecraft:white_carpet":2,"minecraft:spruce_stairs":1,"minecraft:chainmail_chestplate":1,"minecraft:nether_brick_slab":1,"minecraft:snowball":48,"minecraft:spruce_boat":5,"alexsmobs:lobster_tail":1,"minecraft:waxed_cut_copper":1,"biomesoplenty:white_petals":3,"minecraft:item_frame":1,"minecraft:beef":2,"minecraft:sweet_berries":22,"minecraft:furnace":1,"minecraft:egg":2,"minecraft:cooked_beef":8,"minecraft:cobbled_deepslate":2,"minecraft:cooked_mutton":1,"minecraft:leather_leggings":1,"minecraft:stone_pickaxe":54,"minecraft:oak_planks":12,"minecraft:wooden_pickaxe":14,"minecraft:stonecutter":1,"minecraft:crafting_table":6,"minecraft:mushroom_stew":2,"minecraft:lightning_rod":1,"conjurer_illager:throwable_ball":2,"minecraft:bread":7,"minecraft:soul_lantern":1,"minecraft:stone_axe":145,"minecraft:green_carpet":1,"minecraft:chiseled_stone_bricks":2,"minecraft:cobblestone":8,"minecraft:chainmail_boots":1,"minecraft:grindstone":1,"twigs:opaline_seashell":1,"minecraft:dark_oak_fence":1,"minecraft:yellow_bed":4,"minecraft:oak_boat":1,"minecraft:waxed_cut_copper_stairs":1,"twigs:pebble":2},"minecraft:dropped":{"minecraft:water_bucket":1,"minecraft:clock":1,"minecraft:golden_helmet":1,"alexsmobs:banana_slug_slime":2,"minecraft:glass_bottle":2,"minecraft:sweet_berries":6,"minecraft:bowl":2,"alexsmobs:blobfish":2,"alexsmobs:lobster_tail":1,"minecraft:spider_eye":1,"minecraft:wooden_pickaxe":1,"minecraft:beef":3},"minecraft:crafted":{"minecraft:oak_planks":24,"minecraft:furnace":1,"minecraft:cooked_mutton":1,"minecraft:stone_pickaxe":1,"minecraft:spruce_boat":1,"backpacked:backpack":1,"minecraft:cooked_beef":8,"minecraft:crafting_table":3,"minecraft:spruce_planks":40,"minecraft:wooden_pickaxe":1,"minecraft:stone_axe":2,"minecraft:air":0,"biomesoplenty:fir_planks":8,"minecraft:oak_boat":1,"minecraft:stick":12,"minecraft:iron_pickaxe":1},"minecraft:custom":{"minecraft:mob_kills":31,"minecraft:interact_with_crafting_table":15,"minecraft:open_barrel":15,"minecraft:eat_cake_slice":3,"minecraft:leave_game":1,"minecraft:time_since_death":14302,"minecraft:climb_one_cm":1437,"minecraft:sprint_one_cm":396870,"minecraft:walk_one_cm":147271,"minecraft:drop":22,"minecraft:talked_to_villager":3,"minecraft:play_time":92073,"minecraft:deaths":9,"minecraft:sneak_time":3346,"minecraft:walk_under_water_one_cm":1328,"minecraft:boat_one_cm":163949,"minecraft:jump":2710,"minecraft:interact_with_brewingstand":1,"minecraft:walk_on_water_one_cm":4777,"minecraft:total_world_time":92073,"minecraft:interact_with_furnace":6,"minecraft:sleep_in_bed":4,"minecraft:time_since_rest":5821,"minecraft:waystone_activated":3,"minecraft:damage_taken":3455,"minecraft:damage_dealt":5678,"twilightforest:life_charms_activated":1,"minecraft:player_kills":1,"minecraft:swim_one_cm":20174,"minecraft:fly_one_cm":754421,"minecraft:open_chest":36,"minecraft:crouch_one_cm":9534,"minecraft:fall_one_cm":83181},"minecraft:killed":{"illagerinvasion:archivist":2,"minecraft:evoker":1,"alexsmobs:lobster":1,"minecraft:witch":1,"alexsmobs:raccoon":1,"minecraft:spider":5,"minecraft:vindicator":4,"illagerinvasion:marauder":1,"alexsmobs:banana_slug":1,"minecraft:chicken":1,"crabbersdelight:crab":3,"illagerinvasion:alchemist":1,"minecraft:sheep":1,"alexsmobs:crocodile":1,"alexsmobs:terrapin":1,"minecraft:cow":6},"minecraft:mined":{"minecraft:spruce_planks":4,"minecraft:black_banner":1,"minecraft:grass_block":3,"twigs:twig":1,"minecraft:chiseled_stone_bricks":2,"minecraft:glowstone":1,"minecraft:furnace":1,"minecraft:iron_ore":1,"minecraft:barrel":3,"minecraft:pumpkin":1,"minecraft:black_carpet":2,"minecraft:bookshelf":11,"minecraft:green_carpet":1,"minecraft:stone":25,"twigs:opaline_seashell":1,"minecraft:waxed_cut_copper":1,"minecraft:waxed_cut_copper_stairs":1,"minecraft:smithing_table":1,"minecraft:podzol":2,"minecraft:light_gray_carpet":2,"twigs:pebble":1,"minecraft:stripped_dark_oak_log":1,"minecraft:soul_lantern":1,"minecraft:powder_snow":20,"minecraft:crafting_table":4,"minecraft:blast_furnace":6,"twigs:roseate_seashell":1,"minecraft:nether_brick_slab":1,"minecraft:lightning_rod":1,"biomesoplenty:sprout":9,"minecraft:cyan_bed":1,"minecraft:grindstone":1,"minecraft:diorite":4,"minecraft:wall_torch":1,"minecraft:spruce_stairs":1,"minecraft:sweet_berry_bush":8,"minecraft:ice":1,"minecraft:white_carpet":2,"minecraft:spruce_log":6,"biomesoplenty:fir_log":33,"minecraft:yellow_bed":5,"minecraft:grass":3,"minecraft:coal_ore":6,"minecraft:dirt":9,"minecraft:stonecutter":1,"minecraft:fern":1},"minecraft:killed_by":{"minecraft:player":1,"minecraft:vindicator":6,"illagerinvasion:marauder":1},"minecraft:picked_up":{"minecraft:crafting_table":4,"minecraft:chicken":1,"minecraft:brown_mushroom":3,"twigs:roseate_seashell":1,"minecraft:smithing_table":1,"minecraft:string":4,"minecraft:cooked_salmon":1,"minecraft:white_carpet":2,"minecraft:item_frame":1,"twigs:opaline_seashell":1,"minecraft:cobbled_deepslate":2,"minecraft:spruce_planks":2,"twigs:pebble":2,"minecraft:beef":13,"minecraft:oak_boat":1,"minecraft:iron_nugget":3,"minecraft:egg":2,"minecraft:furnace":1,"minecraft:raw_iron":1,"minecraft:torch":1,"minecraft:spruce_stairs":1,"conjurer_illager:throwable_ball":2,"minecraft:lightning_rod":1,"minecraft:diorite":4,"minecraft:waxed_cut_copper_stairs":1,"minecraft:rotten_flesh":3,"minecraft:black_banner":1,"minecraft:totem_of_undying":2,"biomesoplenty:white_petals":4,"minecraft:waxed_cut_copper":1,"minecraft:mutton":2,"minecraft:cod":4,"minecraft:snowball":48,"alexsmobs:lobster_tail":2,"minecraft:white_wool":1,"minecraft:cobblestone":25,"minecraft:salmon":1,"minecraft:leather":7,"biomesoplenty:fir_sapling":2,"biomesoplenty:fir_log":37,"minecraft:yellow_bed":5,"minecraft:gunpowder":2,"minecraft:dirt":14,"minecraft:paper":2,"minecraft:stonecutter":1,"minecraft:wheat_seeds":5,"blue_skies:charscale_moki":1,"minecraft:grindstone":1,"minecraft:glass_bottle":2,"twigs:twig":1,"alexsmobs:blobfish":3,"minecraft:book":33,"minecraft:pumpkin":1,"minecraft:sweet_berries":19,"minecraft:chiseled_stone_bricks":3,"crabbersdelight:crab":3,"minecraft:blast_furnace":6,"minecraft:nether_brick_slab":1,"minecraft:spruce_log":6,"minecraft:cyan_bed":1,"minecraft:barrel":5,"minecraft:green_carpet":1,"minecraft:spider_eye":1,"minecraft:spruce_boat":4,"minecraft:stone_axe":1,"minecraft:soul_lantern":1,"minecraft:lever":1,"minecraft:emerald":5,"alexsmobs:banana_slug_slime":2,"alexsmobs:maggot":2,"minecraft:light_gray_carpet":2,"minecraft:dark_oak_fence":1,"minecraft:stripped_dark_oak_log":1,"minecraft:coal":8}},"DataVersion":3465}