{"stats":{"minecraft:custom":{"minecraft:jump":9,"minecraft:time_since_rest":2413,"minecraft:crouch_one_cm":241,"minecraft:leave_game":1,"minecraft:sprint_one_cm":2285,"minecraft:play_time":2413,"minecraft:time_since_death":2413,"minecraft:walk_one_cm":3159,"minecraft:sneak_time":72,"minecraft:total_world_time":2413,"minecraft:fall_one_cm":209,"minecraft:fly_one_cm":1105},"minecraft:mined":{"minecraft:grass":1,"minecraft:spruce_log":2},"minecraft:picked_up":{"minecraft:spruce_log":2}},"DataVersion":3465}