{"stats":{"minecraft:used":{"minecraft:spruce_boat":1,"minecraft:stone_pickaxe":6,"biomesoplenty:white_petals":3,"minecraft:wooden_pickaxe":14,"minecraft:stone_axe":24,"minecraft:dirt":1,"minecraft:crafting_table":2,"minecraft:sweet_berries":10,"minecraft:egg":2},"minecraft:dropped":{"minecraft:sweet_berries":6,"minecraft:wooden_pickaxe":1},"minecraft:crafted":{"minecraft:oak_planks":12,"minecraft:crafting_table":2,"minecraft:stick":8,"minecraft:spruce_planks":24,"minecraft:wooden_pickaxe":1,"minecraft:stone_pickaxe":1,"minecraft:spruce_boat":1,"minecraft:stone_axe":1},"minecraft:killed":{"alexsmobs:crocodile":1,"minecraft:chicken":1,"minecraft:cow":1},"minecraft:custom":{"minecraft:time_since_rest":14073,"minecraft:sprint_one_cm":38880,"minecraft:damage_taken":30,"minecraft:walk_one_cm":16598,"minecraft:mob_kills":3,"minecraft:drop":7,"minecraft:damage_dealt":271,"minecraft:interact_with_crafting_table":4,"minecraft:fly_one_cm":79269,"minecraft:open_chest":2,"minecraft:crouch_one_cm":1443,"minecraft:play_time":14073,"minecraft:sneak_time":620,"minecraft:boat_one_cm":10947,"minecraft:jump":310,"minecraft:leave_game":1,"minecraft:time_since_death":14073,"minecraft:total_world_time":14073,"minecraft:fall_one_cm":12106},"minecraft:mined":{"minecraft:sweet_berry_bush":8,"minecraft:spruce_log":6,"biomesoplenty:fir_log":18,"minecraft:yellow_bed":1,"minecraft:grass":1,"minecraft:grass_block":1,"minecraft:coal_ore":6,"minecraft:stone":14},"minecraft:picked_up":{"minecraft:chicken":1,"minecraft:sweet_berries":19,"minecraft:leather":1,"biomesoplenty:fir_sapling":2,"biomesoplenty:fir_log":16,"minecraft:yellow_bed":1,"minecraft:spruce_log":6,"minecraft:dirt":1,"minecraft:rotten_flesh":2,"minecraft:spruce_boat":1,"minecraft:beef":2,"biomesoplenty:white_petals":4,"minecraft:coal":5,"minecraft:cobblestone":14,"minecraft:egg":2}},"DataVersion":3465}