{"stats":{"minecraft:used":{"minecraft:stone_pickaxe":17,"minecraft:spruce_planks":3,"minecraft:wooden_pickaxe":14,"minecraft:stonecutter":1,"minecraft:dirt":1,"minecraft:crafting_table":3,"minecraft:spruce_boat":3,"minecraft:bread":6,"biomesoplenty:white_petals":3,"minecraft:green_carpet":1,"minecraft:stone_axe":81,"minecraft:chiseled_stone_bricks":2,"minecraft:beef":2,"minecraft:sweet_berries":22,"minecraft:grindstone":1,"minecraft:dark_oak_fence":1,"twigs:opaline_seashell":1,"minecraft:yellow_bed":2,"minecraft:egg":2,"minecraft:cobbled_deepslate":2},"minecraft:dropped":{"minecraft:sweet_berries":6,"minecraft:clock":1,"minecraft:golden_helmet":1,"minecraft:glass_bottle":2,"minecraft:spider_eye":1,"minecraft:beef":3,"minecraft:wooden_pickaxe":1},"minecraft:crafted":{"minecraft:oak_planks":24,"minecraft:crafting_table":2,"minecraft:spruce_planks":40,"minecraft:wooden_pickaxe":1,"minecraft:stone_axe":1,"minecraft:stick":8,"minecraft:stone_pickaxe":1,"minecraft:spruce_boat":1},"minecraft:custom":{"minecraft:mob_kills":18,"minecraft:interact_with_crafting_table":5,"minecraft:open_barrel":5,"minecraft:leave_game":1,"minecraft:time_since_death":468,"minecraft:sleep_in_bed":1,"minecraft:climb_one_cm":476,"minecraft:time_since_rest":493,"minecraft:waystone_activated":1,"minecraft:sprint_one_cm":163145,"minecraft:damage_taken":2648,"minecraft:walk_one_cm":70135,"minecraft:drop":15,"minecraft:damage_dealt":3718,"twilightforest:life_charms_activated":1,"minecraft:swim_one_cm":2171,"minecraft:fly_one_cm":286258,"minecraft:player_kills":1,"minecraft:open_chest":25,"minecraft:crouch_one_cm":4698,"minecraft:play_time":38073,"minecraft:deaths":8,"minecraft:sneak_time":1551,"minecraft:walk_under_water_one_cm":96,"minecraft:boat_one_cm":11157,"minecraft:jump":1078,"minecraft:interact_with_brewingstand":1,"minecraft:walk_on_water_one_cm":2550,"minecraft:total_world_time":38073,"minecraft:fall_one_cm":31667},"minecraft:killed":{"illagerinvasion:archivist":2,"minecraft:evoker":1,"minecraft:vindicator":4,"minecraft:spider":2,"illagerinvasion:marauder":1,"illagerinvasion:alchemist":1,"minecraft:sheep":1,"alexsmobs:crocodile":1,"minecraft:chicken":1,"minecraft:cow":4},"minecraft:mined":{"minecraft:smithing_table":1,"minecraft:spruce_planks":2,"minecraft:crafting_table":1,"minecraft:grass_block":1,"biomesoplenty:sprout":1,"minecraft:grindstone":1,"minecraft:diorite":4,"minecraft:chiseled_stone_bricks":2,"minecraft:glowstone":1,"minecraft:sweet_berry_bush":8,"minecraft:spruce_log":6,"minecraft:pumpkin":1,"minecraft:black_carpet":2,"biomesoplenty:fir_log":18,"minecraft:yellow_bed":2,"minecraft:bookshelf":8,"minecraft:grass":3,"minecraft:coal_ore":6,"minecraft:green_carpet":1,"minecraft:stonecutter":1,"minecraft:stone":14,"twigs:opaline_seashell":1},"minecraft:killed_by":{"minecraft:vindicator":6,"minecraft:player":1,"illagerinvasion:marauder":1},"minecraft:picked_up":{"minecraft:crafting_table":1,"minecraft:chicken":1,"minecraft:leather":4,"minecraft:smithing_table":1,"biomesoplenty:fir_sapling":2,"biomesoplenty:fir_log":16,"minecraft:yellow_bed":2,"minecraft:gunpowder":1,"minecraft:dirt":1,"minecraft:string":2,"minecraft:paper":2,"twigs:opaline_seashell":1,"minecraft:stonecutter":1,"minecraft:cobbled_deepslate":2,"minecraft:beef":9,"minecraft:grindstone":1,"minecraft:iron_nugget":3,"minecraft:glass_bottle":2,"minecraft:egg":2,"minecraft:book":24,"minecraft:pumpkin":1,"minecraft:sweet_berries":19,"minecraft:chiseled_stone_bricks":3,"minecraft:diorite":4,"minecraft:spruce_log":6,"minecraft:green_carpet":1,"minecraft:spider_eye":1,"minecraft:rotten_flesh":2,"minecraft:stone_axe":1,"minecraft:spruce_boat":3,"minecraft:totem_of_undying":2,"minecraft:emerald":5,"biomesoplenty:white_petals":4,"minecraft:dark_oak_fence":1,"minecraft:mutton":2,"minecraft:coal":5,"minecraft:white_wool":1,"minecraft:cobblestone":14}},"DataVersion":3465}