{"stats":{"minecraft:used":{"minecraft:stone_pickaxe":14,"minecraft:wooden_pickaxe":14,"minecraft:dirt":1,"minecraft:crafting_table":2,"minecraft:spruce_boat":3,"minecraft:bread":5,"biomesoplenty:white_petals":3,"minecraft:stone_axe":45,"minecraft:chiseled_stone_bricks":2,"minecraft:sweet_berries":16,"twigs:opaline_seashell":1,"minecraft:yellow_bed":2,"minecraft:egg":2,"minecraft:cobbled_deepslate":2},"minecraft:dropped":{"minecraft:sweet_berries":6,"minecraft:golden_helmet":1,"minecraft:spider_eye":1,"minecraft:wooden_pickaxe":1},"minecraft:crafted":{"minecraft:oak_planks":12,"minecraft:crafting_table":2,"minecraft:spruce_planks":40,"minecraft:wooden_pickaxe":1,"minecraft:stone_axe":1,"minecraft:stick":8,"minecraft:stone_pickaxe":1,"minecraft:spruce_boat":1},"minecraft:killed":{"minecraft:spider":2,"minecraft:sheep":1,"alexsmobs:crocodile":1,"minecraft:chicken":1,"minecraft:cow":4},"minecraft:custom":{"minecraft:mob_kills":9,"minecraft:interact_with_crafting_table":4,"minecraft:open_barrel":5,"minecraft:leave_game":1,"minecraft:time_since_death":0,"minecraft:sleep_in_bed":1,"minecraft:climb_one_cm":476,"minecraft:time_since_rest":18,"minecraft:sprint_one_cm":98530,"minecraft:damage_taken":1108,"minecraft:walk_one_cm":42561,"minecraft:drop":9,"minecraft:damage_dealt":1325,"twilightforest:life_charms_activated":1,"minecraft:swim_one_cm":2171,"minecraft:fly_one_cm":191458,"minecraft:open_chest":4,"minecraft:crouch_one_cm":3422,"minecraft:play_time":26073,"minecraft:deaths":3,"minecraft:sneak_time":1139,"minecraft:walk_under_water_one_cm":96,"minecraft:boat_one_cm":11157,"minecraft:jump":743,"minecraft:walk_on_water_one_cm":430,"minecraft:total_world_time":26073,"minecraft:fall_one_cm":28293},"minecraft:mined":{"minecraft:smithing_table":1,"minecraft:crafting_table":1,"minecraft:grass_block":1,"minecraft:grindstone":1,"minecraft:diorite":4,"minecraft:chiseled_stone_bricks":2,"minecraft:sweet_berry_bush":8,"minecraft:spruce_log":6,"minecraft:pumpkin":1,"biomesoplenty:fir_log":18,"minecraft:yellow_bed":2,"minecraft:grass":3,"minecraft:coal_ore":6,"minecraft:stonecutter":1,"minecraft:stone":14,"twigs:opaline_seashell":1},"minecraft:killed_by":{"minecraft:vindicator":3},"minecraft:picked_up":{"minecraft:crafting_table":1,"minecraft:chicken":1,"minecraft:leather":4,"minecraft:smithing_table":1,"biomesoplenty:fir_sapling":2,"biomesoplenty:fir_log":16,"minecraft:yellow_bed":2,"minecraft:dirt":1,"minecraft:string":2,"twigs:opaline_seashell":1,"minecraft:stonecutter":1,"minecraft:cobbled_deepslate":2,"minecraft:beef":9,"minecraft:grindstone":1,"minecraft:iron_nugget":3,"minecraft:egg":2,"minecraft:pumpkin":1,"minecraft:sweet_berries":19,"minecraft:chiseled_stone_bricks":2,"minecraft:diorite":4,"minecraft:spruce_log":6,"minecraft:spider_eye":1,"minecraft:rotten_flesh":2,"minecraft:spruce_boat":3,"minecraft:emerald":1,"biomesoplenty:white_petals":4,"minecraft:mutton":2,"minecraft:coal":5,"minecraft:white_wool":1,"minecraft:cobblestone":14}},"DataVersion":3465}