{"stats":{"minecraft:broken":{"minecraft:stone_axe":1},"minecraft:used":{"biomesoplenty:redwood_planks":102,"minecraft:spruce_planks":18,"minecraft:shield":21,"minecraft:iron_sword":271,"crabbersdelight:crab":3,"minecraft:cooked_salmon":1,"twigs:roseate_seashell":1,"minecraft:torch":1,"minecraft:dirt":14,"minecraft:mutton":1,"minecraft:white_carpet":2,"minecraft:spruce_stairs":1,"minecraft:chainmail_chestplate":1,"minecraft:carrot":2,"minecraft:nether_brick_slab":1,"minecraft:snowball":48,"minecraft:spruce_boat":5,"alexsmobs:lobster_tail":1,"minecraft:waxed_cut_copper":1,"minecraft:iron_axe":114,"biomesoplenty:white_petals":3,"minecraft:item_frame":1,"minecraft:beef":2,"everycomp:q/biomesoplenty/fir_bookshelf":3,"minecraft:sweet_berries":22,"minecraft:cooked_cod":8,"minecraft:furnace":2,"minecraft:skeleton_skull":1,"minecraft:egg":2,"minecraft:cooked_beef":8,"minecraft:cobbled_deepslate":2,"minecraft:cooked_mutton":1,"minecraft:water_bucket":4,"minecraft:leather_leggings":1,"minecraft:stone_pickaxe":114,"minecraft:oak_planks":44,"biomesoplenty:fir_planks":11,"minecraft:wooden_pickaxe":14,"minecraft:stonecutter":1,"minecraft:gilded_blackstone":3,"farmersdelight:onion":2,"minecraft:crafting_table":10,"minecraft:red_bed":2,"minecraft:mushroom_stew":3,"minecraft:blast_furnace":7,"minecraft:cake":1,"minecraft:lightning_rod":1,"conjurer_illager:throwable_ball":2,"minecraft:zombie_head":1,"everycomp:q/biomesoplenty/fir_chest":12,"minecraft:cyan_bed":4,"minecraft:bread":33,"minecraft:string":2,"minecraft:iron_pickaxe":111,"minecraft:soul_lantern":1,"minecraft:stone_axe":170,"minecraft:green_carpet":1,"minecraft:chiseled_stone_bricks":2,"minecraft:cobblestone":20,"minecraft:chainmail_boots":1,"minecraft:smithing_table":1,"minecraft:grindstone":1,"twigs:opaline_seashell":1,"minecraft:dark_oak_fence":1,"minecraft:bucket":4,"biomesoplenty:fir_sign":1,"minecraft:yellow_bed":8,"minecraft:oak_boat":4,"minecraft:waxed_cut_copper_stairs":1,"twigs:pebble":2},"minecraft:dropped":{"minecraft:water_bucket":1,"minecraft:wheat_seeds":1,"minecraft:clock":1,"minecraft:golden_helmet":1,"alexsmobs:banana_slug_slime":2,"minecraft:mangrove_trapdoor":1,"minecraft:glass_bottle":2,"cataclysm:lionfish":1,"biomesoplenty:maple_sapling":4,"delightful:green_tea_leaf":2,"minecraft:mushroom_stew":5,"minecraft:dirt":1,"minecraft:snowball":4,"minecraft:bone_meal":13,"minecraft:gold_nugget":5,"minecraft:amethyst_shard":6,"twigs:twig":7,"minecraft:bone":6,"minecraft:dandelion":1,"minecraft:kelp":7,"minecraft:sweet_berries":6,"biomesoplenty:redwood_sapling":17,"minecraft:bowl":3,"alexsmobs:blobfish":2,"minecraft:rotten_flesh":10,"supplementaries:flax_seeds":2,"alexsmobs:lobster_tail":1,"minecraft:leather_leggings":1,"minecraft:barrel":5,"minecraft:spider_eye":1,"minecraft:arrow":3,"minecraft:wooden_pickaxe":1,"minecraft:beef":3},"minecraft:crafted":{"minecraft:oak_planks":72,"minecraft:furnace":1,"minecraft:cooked_mutton":1,"minecraft:iron_boots":1,"minecraft:iron_axe":1,"minecraft:stone_pickaxe":1,"minecraft:spruce_boat":1,"backpacked:backpack":1,"minecraft:cooked_beef":8,"everycomp:q/biomesoplenty/fir_chest":12,"minecraft:cooked_cod":7,"blue_skies:blue_journal":1,"minecraft:crafting_table":5,"everycomp:q/biomesoplenty/fir_bookshelf":3,"minecraft:spruce_planks":40,"biomesoplenty:redwood_planks":312,"minecraft:wooden_pickaxe":1,"minecraft:iron_helmet":1,"minecraft:iron_sword":1,"minecraft:red_bed":1,"minecraft:stone_axe":2,"minecraft:air":0,"biomesoplenty:fir_sign":3,"biomesoplenty:fir_planks":144,"minecraft:oak_boat":2,"minecraft:iron_chestplate":1,"minecraft:shield":1,"minecraft:iron_ingot":40,"minecraft:stick":16,"minecraft:iron_pickaxe":1,"minecraft:iron_leggings":1},"minecraft:custom":{"minecraft:mob_kills":75,"minecraft:interact_with_crafting_table":30,"minecraft:open_barrel":51,"minecraft:eat_cake_slice":6,"minecraft:leave_game":1,"minecraft:time_since_death":195,"minecraft:climb_one_cm":6670,"minecraft:sprint_one_cm":619474,"minecraft:walk_one_cm":276621,"minecraft:damage_blocked_by_shield":800,"minecraft:drop":58,"minecraft:talked_to_villager":6,"minecraft:play_time":176073,"minecraft:deaths":18,"minecraft:sneak_time":9627,"minecraft:walk_under_water_one_cm":31468,"minecraft:boat_one_cm":398972,"minecraft:jump":3760,"minecraft:interact_with_brewingstand":1,"minecraft:interact_with_blast_furnace":7,"minecraft:walk_on_water_one_cm":11437,"minecraft:total_world_time":176073,"minecraft:interact_with_furnace":10,"minecraft:traded_with_villager":1,"minecraft:sleep_in_bed":11,"minecraft:time_since_rest":220,"minecraft:waystone_activated":3,"minecraft:damage_taken":7916,"minecraft:damage_dealt":18151,"twilightforest:life_charms_activated":1,"minecraft:player_kills":1,"minecraft:swim_one_cm":79975,"minecraft:fly_one_cm":947042,"minecraft:open_chest":93,"minecraft:crouch_one_cm":28077,"minecraft:interact_with_smoker":1,"minecraft:fall_one_cm":105540},"minecraft:killed":{"illagerinvasion:archivist":2,"minecraft:evoker":1,"alexsmobs:lobster":1,"minecraft:witch":1,"alexsmobs:raccoon":1,"minecraft:spider":6,"minecraft:vindicator":5,"illagerinvasion:marauder":1,"minecraft:skeleton":4,"alexsmobs:banana_slug":1,"minecraft:chicken":1,"cataclysm:lionfish":1,"crabbersdelight:crab":3,"cataclysm:deepling_angler":1,"minecraft:husk":22,"illagerinvasion:alchemist":1,"minecraft:sheep":1,"minecraft:pillager":4,"minecraft:zombie":7,"alexsmobs:crocodile":1,"alexsmobs:terrapin":1,"cataclysm:deepling":1,"alexsmobs:fly":1,"alexsmobs:crow":1,"minecraft:cow":6},"minecraft:mined":{"minecraft:diamond_ore":6,"minecraft:spruce_planks":4,"minecraft:black_banner":1,"minecraft:grass_block":4,"minecraft:jungle_planks":1,"minecraft:coal_block":3,"twigs:twig":1,"minecraft:mangrove_trapdoor":3,"minecraft:spawner":5,"minecraft:gilded_blackstone":4,"minecraft:chiseled_stone_bricks":2,"minecraft:hay_block":9,"blue_skies:frostbright_bookshelf":1,"minecraft:glowstone":1,"minecraft:furnace":1,"minecraft:iron_ore":63,"minecraft:barrel":3,"minecraft:pumpkin":1,"minecraft:black_carpet":2,"biomesoplenty:redwood_log":81,"minecraft:bookshelf":30,"minecraft:vine":1,"minecraft:deepslate_iron_ore":2,"minecraft:green_carpet":1,"minecraft:stone":62,"twigs:opaline_seashell":1,"minecraft:waxed_cut_copper":1,"minecraft:waxed_cut_copper_stairs":1,"minecraft:smithing_table":1,"minecraft:podzol":2,"minecraft:light_gray_carpet":2,"twigs:pebble":1,"biomesoplenty:redwood_planks":8,"minecraft:red_bed":1,"minecraft:red_wool":3,"minecraft:blackstone":22,"minecraft:smoker":2,"minecraft:stripped_dark_oak_log":1,"minecraft:soul_lantern":1,"minecraft:powder_snow":20,"minecraft:crafting_table":5,"minecraft:blast_furnace":7,"minecraft:emerald_ore":3,"twigs:roseate_seashell":1,"minecraft:nether_brick_slab":1,"minecraft:lightning_rod":1,"minecraft:cobblestone":3,"minecraft:lapis_ore":4,"minecraft:deepslate_gold_ore":1,"biomesoplenty:sprout":10,"minecraft:cyan_bed":4,"minecraft:grindstone":1,"minecraft:diorite":4,"minecraft:wall_torch":1,"supplementaries:urn":7,"minecraft:spruce_stairs":1,"minecraft:black_wall_banner":1,"minecraft:sweet_berry_bush":8,"minecraft:ice":1,"minecraft:white_carpet":2,"minecraft:spruce_log":6,"biomesoplenty:fir_log":33,"minecraft:yellow_bed":8,"minecraft:oak_log":12,"minecraft:grass":4,"minecraft:coal_ore":6,"minecraft:dirt":10,"minecraft:stonecutter":1,"minecraft:gold_ore":8,"minecraft:fern":7},"minecraft:killed_by":{"minecraft:husk":4,"minecraft:player":1,"minecraft:vindicator":11,"illagerinvasion:marauder":1},"minecraft:picked_up":{"biomesoplenty:redwood_log":78,"minecraft:charcoal":7,"minecraft:crafting_table":5,"illagerinvasion:platinum_chunk":1,"minecraft:chicken":1,"minecraft:lead":1,"minecraft:brown_mushroom":3,"twigs:roseate_seashell":1,"minecraft:smithing_table":1,"minecraft:gilded_blackstone":3,"spawnersplus:spawner_fragment":4,"minecraft:red_bed":1,"minecraft:string":6,"minecraft:cooked_salmon":1,"minecraft:white_carpet":2,"minecraft:item_frame":1,"minecraft:zombie_head":1,"twigs:opaline_seashell":1,"minecraft:gold_nugget":5,"minecraft:cobbled_deepslate":2,"biomesoplenty:fir_planks":1,"minecraft:spruce_planks":2,"twigs:pebble":2,"minecraft:beef":13,"minecraft:oak_boat":4,"minecraft:iron_nugget":3,"delightful:green_tea_leaf":2,"minecraft:coal_block":3,"minecraft:egg":2,"minecraft:furnace":1,"minecraft:raw_iron":65,"bygonenether:cobbled_blackstone":22,"minecraft:torch":1,"minecraft:spruce_stairs":1,"conjurer_illager:throwable_ball":2,"minecraft:lightning_rod":1,"minecraft:diorite":4,"minecraft:mangrove_trapdoor":3,"biomesoplenty:redwood_planks":8,"minecraft:waxed_cut_copper_stairs":1,"minecraft:arrow":6,"minecraft:rotten_flesh":25,"minecraft:hay_block":9,"biomesoplenty:redwood_sapling":17,"minecraft:black_banner":2,"minecraft:totem_of_undying":2,"biomesoplenty:white_petals":4,"supplementaries:ash":18,"minecraft:waxed_cut_copper":1,"minecraft:skeleton_skull":1,"minecraft:mutton":2,"minecraft:cod":4,"minecraft:snowball":68,"alexsmobs:lobster_tail":2,"minecraft:white_wool":1,"minecraft:cobblestone":65,"minecraft:feather":1,"minecraft:salmon":1,"minecraft:leather":7,"minecraft:smoker":2,"biomesoplenty:fir_sapling":2,"biomesoplenty:fir_log":37,"minecraft:oak_log":12,"supplementaries:flax_seeds":2,"minecraft:yellow_bed":8,"minecraft:gunpowder":2,"minecraft:lapis_lazuli":22,"minecraft:dirt":16,"minecraft:paper":2,"minecraft:bone":8,"minecraft:kelp":7,"minecraft:stonecutter":1,"minecraft:wheat_seeds":7,"minecraft:raw_gold":9,"blue_skies:charscale_moki":1,"minecraft:grindstone":1,"minecraft:glass_bottle":2,"twigs:twig":8,"alexsmobs:blobfish":3,"minecraft:book":93,"minecraft:pumpkin":1,"minecraft:sweet_berries":19,"minecraft:chiseled_stone_bricks":3,"crabbersdelight:crab":3,"minecraft:red_wool":3,"minecraft:dandelion":1,"minecraft:blast_furnace":7,"minecraft:nether_brick_slab":1,"minecraft:spruce_log":6,"minecraft:cyan_bed":4,"minecraft:barrel":5,"minecraft:green_carpet":1,"minecraft:spider_eye":1,"cataclysm:lionfish":1,"biomesoplenty:maple_sapling":4,"minecraft:diamond":6,"minecraft:spruce_boat":4,"minecraft:stone_axe":1,"minecraft:soul_lantern":1,"minecraft:lever":1,"minecraft:golden_apple":1,"minecraft:emerald":17,"alexsmobs:banana_slug_slime":2,"alexsmobs:maggot":3,"minecraft:light_gray_carpet":2,"minecraft:dark_oak_fence":1,"minecraft:stripped_dark_oak_log":1,"minecraft:coal":8}},"DataVersion":3465}