{"stats":{"minecraft:broken":{"minecraft:stone_axe":1},"minecraft:used":{"minecraft:spruce_planks":18,"twigs:roseate_seashell":1,"minecraft:torch":1,"minecraft:dirt":9,"minecraft:mutton":1,"minecraft:chainmail_chestplate":1,"minecraft:nether_brick_slab":1,"minecraft:spruce_boat":5,"minecraft:waxed_cut_copper":1,"biomesoplenty:white_petals":3,"minecraft:item_frame":1,"minecraft:beef":2,"minecraft:sweet_berries":22,"minecraft:furnace":1,"minecraft:egg":2,"minecraft:cooked_beef":7,"minecraft:cobbled_deepslate":2,"minecraft:cooked_mutton":1,"minecraft:leather_leggings":1,"minecraft:stone_pickaxe":54,"minecraft:oak_planks":12,"minecraft:wooden_pickaxe":14,"minecraft:stonecutter":1,"minecraft:crafting_table":5,"minecraft:lightning_rod":1,"conjurer_illager:throwable_ball":2,"minecraft:bread":6,"minecraft:soul_lantern":1,"minecraft:stone_axe":126,"minecraft:green_carpet":1,"minecraft:chiseled_stone_bricks":2,"minecraft:cobblestone":8,"minecraft:chainmail_boots":1,"minecraft:grindstone":1,"twigs:opaline_seashell":1,"minecraft:dark_oak_fence":1,"minecraft:yellow_bed":2,"minecraft:waxed_cut_copper_stairs":1,"twigs:pebble":2},"minecraft:dropped":{"minecraft:clock":1,"minecraft:golden_helmet":1,"alexsmobs:banana_slug_slime":2,"minecraft:glass_bottle":2,"minecraft:sweet_berries":6,"minecraft:spider_eye":1,"minecraft:wooden_pickaxe":1,"minecraft:beef":3},"minecraft:crafted":{"minecraft:oak_planks":24,"minecraft:furnace":1,"minecraft:cooked_mutton":1,"minecraft:stone_pickaxe":1,"minecraft:spruce_boat":1,"backpacked:backpack":1,"minecraft:cooked_beef":8,"minecraft:crafting_table":3,"minecraft:spruce_planks":40,"minecraft:wooden_pickaxe":1,"minecraft:stone_axe":2,"minecraft:air":0,"biomesoplenty:fir_planks":8,"minecraft:stick":12,"minecraft:iron_pickaxe":1},"minecraft:custom":{"minecraft:mob_kills":29,"minecraft:interact_with_crafting_table":14,"minecraft:open_barrel":11,"minecraft:eat_cake_slice":3,"minecraft:leave_game":1,"minecraft:time_since_death":36468,"minecraft:climb_one_cm":1437,"minecraft:sprint_one_cm":322413,"minecraft:walk_one_cm":115773,"minecraft:drop":16,"minecraft:play_time":74073,"minecraft:deaths":8,"minecraft:sneak_time":2640,"minecraft:walk_under_water_one_cm":972,"minecraft:boat_one_cm":27629,"minecraft:jump":2195,"minecraft:interact_with_brewingstand":1,"minecraft:walk_on_water_one_cm":4319,"minecraft:total_world_time":74073,"minecraft:interact_with_furnace":6,"minecraft:sleep_in_bed":2,"minecraft:time_since_rest":35281,"minecraft:waystone_activated":1,"minecraft:damage_taken":3078,"minecraft:damage_dealt":4989,"twilightforest:life_charms_activated":1,"minecraft:player_kills":1,"minecraft:swim_one_cm":19177,"minecraft:fly_one_cm":592778,"minecraft:open_chest":28,"minecraft:crouch_one_cm":7913,"minecraft:fall_one_cm":72892},"minecraft:killed":{"illagerinvasion:archivist":2,"minecraft:evoker":1,"minecraft:witch":1,"alexsmobs:raccoon":1,"minecraft:spider":4,"minecraft:vindicator":4,"illagerinvasion:marauder":1,"alexsmobs:banana_slug":1,"minecraft:chicken":1,"crabbersdelight:crab":3,"illagerinvasion:alchemist":1,"minecraft:sheep":1,"alexsmobs:crocodile":1,"alexsmobs:terrapin":1,"minecraft:cow":6},"minecraft:mined":{"minecraft:spruce_planks":4,"minecraft:black_banner":1,"minecraft:grass_block":2,"minecraft:chiseled_stone_bricks":2,"minecraft:glowstone":1,"minecraft:furnace":1,"minecraft:iron_ore":1,"minecraft:pumpkin":1,"minecraft:black_carpet":2,"minecraft:bookshelf":8,"minecraft:green_carpet":1,"minecraft:stone":25,"twigs:opaline_seashell":1,"minecraft:waxed_cut_copper":1,"minecraft:waxed_cut_copper_stairs":1,"minecraft:smithing_table":1,"minecraft:podzol":2,"twigs:pebble":1,"minecraft:stripped_dark_oak_log":1,"minecraft:soul_lantern":1,"minecraft:crafting_table":3,"minecraft:blast_furnace":6,"twigs:roseate_seashell":1,"minecraft:nether_brick_slab":1,"minecraft:lightning_rod":1,"biomesoplenty:sprout":2,"minecraft:grindstone":1,"minecraft:diorite":4,"minecraft:wall_torch":1,"minecraft:sweet_berry_bush":8,"minecraft:spruce_log":6,"biomesoplenty:fir_log":33,"minecraft:yellow_bed":3,"minecraft:grass":3,"minecraft:coal_ore":6,"minecraft:dirt":5,"minecraft:stonecutter":1,"minecraft:fern":1},"minecraft:killed_by":{"minecraft:player":1,"minecraft:vindicator":6,"illagerinvasion:marauder":1},"minecraft:picked_up":{"minecraft:crafting_table":3,"minecraft:chicken":1,"twigs:roseate_seashell":1,"minecraft:smithing_table":1,"minecraft:string":4,"minecraft:item_frame":1,"twigs:opaline_seashell":1,"minecraft:cobbled_deepslate":2,"minecraft:spruce_planks":2,"twigs:pebble":2,"minecraft:beef":13,"minecraft:iron_nugget":3,"minecraft:egg":2,"minecraft:furnace":1,"minecraft:raw_iron":1,"minecraft:torch":1,"conjurer_illager:throwable_ball":2,"minecraft:lightning_rod":1,"minecraft:diorite":4,"minecraft:waxed_cut_copper_stairs":1,"minecraft:rotten_flesh":3,"minecraft:black_banner":1,"minecraft:totem_of_undying":2,"biomesoplenty:white_petals":4,"minecraft:waxed_cut_copper":1,"minecraft:mutton":2,"minecraft:white_wool":1,"minecraft:cobblestone":25,"minecraft:leather":7,"biomesoplenty:fir_sapling":2,"biomesoplenty:fir_log":37,"minecraft:yellow_bed":3,"minecraft:gunpowder":2,"minecraft:dirt":9,"minecraft:paper":2,"minecraft:stonecutter":1,"minecraft:grindstone":1,"minecraft:glass_bottle":2,"minecraft:book":24,"minecraft:pumpkin":1,"minecraft:sweet_berries":19,"minecraft:chiseled_stone_bricks":3,"crabbersdelight:crab":3,"minecraft:blast_furnace":6,"minecraft:nether_brick_slab":1,"minecraft:spruce_log":6,"minecraft:green_carpet":1,"minecraft:spider_eye":1,"minecraft:spruce_boat":4,"minecraft:stone_axe":1,"minecraft:soul_lantern":1,"minecraft:lever":1,"minecraft:emerald":5,"alexsmobs:banana_slug_slime":2,"alexsmobs:maggot":2,"minecraft:dark_oak_fence":1,"minecraft:stripped_dark_oak_log":1,"minecraft:coal":8}},"DataVersion":3465}