{"stats":{"minecraft:broken":{"minecraft:stone_axe":1},"minecraft:used":{"minecraft:cooked_mutton":1,"minecraft:stone_pickaxe":43,"minecraft:spruce_planks":18,"minecraft:wooden_pickaxe":14,"minecraft:stonecutter":1,"twigs:roseate_seashell":1,"minecraft:torch":1,"minecraft:dirt":9,"minecraft:mutton":1,"minecraft:crafting_table":5,"minecraft:spruce_boat":3,"minecraft:bread":6,"biomesoplenty:white_petals":3,"minecraft:furnace":1,"minecraft:green_carpet":1,"minecraft:stone_axe":113,"minecraft:chiseled_stone_bricks":2,"minecraft:cobblestone":8,"minecraft:beef":2,"minecraft:sweet_berries":22,"minecraft:grindstone":1,"minecraft:dark_oak_fence":1,"twigs:opaline_seashell":1,"minecraft:cooked_beef":1,"minecraft:yellow_bed":2,"minecraft:egg":2,"twigs:pebble":2,"minecraft:cobbled_deepslate":2},"minecraft:dropped":{"minecraft:sweet_berries":6,"minecraft:clock":1,"minecraft:golden_helmet":1,"alexsmobs:banana_slug_slime":2,"minecraft:glass_bottle":2,"minecraft:spider_eye":1,"minecraft:beef":3,"minecraft:wooden_pickaxe":1},"minecraft:crafted":{"minecraft:cooked_beef":8,"minecraft:oak_planks":24,"minecraft:crafting_table":3,"minecraft:spruce_planks":40,"minecraft:wooden_pickaxe":1,"minecraft:furnace":1,"minecraft:stone_axe":2,"minecraft:cooked_mutton":1,"minecraft:air":0,"biomesoplenty:fir_planks":8,"minecraft:stick":12,"minecraft:iron_pickaxe":1,"minecraft:stone_pickaxe":1,"backpacked:backpack":1,"minecraft:spruce_boat":1},"minecraft:custom":{"minecraft:interact_with_furnace":6,"minecraft:mob_kills":24,"minecraft:interact_with_crafting_table":14,"minecraft:open_barrel":5,"minecraft:leave_game":1,"minecraft:time_since_death":12468,"minecraft:sleep_in_bed":2,"minecraft:climb_one_cm":476,"minecraft:time_since_rest":11281,"minecraft:waystone_activated":1,"minecraft:sprint_one_cm":203542,"minecraft:damage_taken":2658,"minecraft:walk_one_cm":84163,"minecraft:drop":16,"minecraft:damage_dealt":4259,"twilightforest:life_charms_activated":1,"minecraft:swim_one_cm":2171,"minecraft:fly_one_cm":377385,"minecraft:player_kills":1,"minecraft:open_chest":27,"minecraft:crouch_one_cm":5476,"minecraft:play_time":50073,"minecraft:deaths":8,"minecraft:sneak_time":1829,"minecraft:walk_under_water_one_cm":96,"minecraft:boat_one_cm":11157,"minecraft:jump":1405,"minecraft:interact_with_brewingstand":1,"minecraft:walk_on_water_one_cm":2590,"minecraft:total_world_time":50073,"minecraft:fall_one_cm":44325},"minecraft:killed":{"illagerinvasion:archivist":2,"minecraft:evoker":1,"minecraft:vindicator":4,"minecraft:spider":2,"illagerinvasion:marauder":1,"illagerinvasion:alchemist":1,"minecraft:sheep":1,"alexsmobs:banana_slug":1,"alexsmobs:crocodile":1,"minecraft:chicken":1,"crabbersdelight:crab":3,"minecraft:cow":6},"minecraft:mined":{"minecraft:podzol":2,"minecraft:smithing_table":1,"twigs:pebble":1,"minecraft:spruce_planks":2,"minecraft:stripped_dark_oak_log":1,"minecraft:crafting_table":3,"minecraft:grass_block":2,"twigs:roseate_seashell":1,"biomesoplenty:sprout":2,"minecraft:grindstone":1,"minecraft:diorite":4,"minecraft:wall_torch":1,"minecraft:chiseled_stone_bricks":2,"minecraft:glowstone":1,"minecraft:furnace":1,"minecraft:iron_ore":1,"minecraft:sweet_berry_bush":8,"minecraft:spruce_log":6,"minecraft:pumpkin":1,"minecraft:black_carpet":2,"biomesoplenty:fir_log":33,"minecraft:yellow_bed":3,"minecraft:dirt":5,"minecraft:bookshelf":8,"minecraft:grass":3,"minecraft:coal_ore":6,"minecraft:green_carpet":1,"minecraft:stonecutter":1,"minecraft:stone":25,"twigs:opaline_seashell":1,"minecraft:fern":1},"minecraft:killed_by":{"minecraft:vindicator":6,"minecraft:player":1,"illagerinvasion:marauder":1},"minecraft:picked_up":{"minecraft:crafting_table":3,"minecraft:chicken":1,"twigs:roseate_seashell":1,"minecraft:leather":7,"minecraft:smithing_table":1,"biomesoplenty:fir_sapling":2,"biomesoplenty:fir_log":37,"minecraft:yellow_bed":3,"minecraft:gunpowder":1,"minecraft:dirt":9,"minecraft:string":2,"minecraft:paper":2,"twigs:opaline_seashell":1,"minecraft:stonecutter":1,"minecraft:cobbled_deepslate":2,"twigs:pebble":2,"minecraft:beef":13,"minecraft:grindstone":1,"minecraft:iron_nugget":3,"minecraft:glass_bottle":2,"minecraft:furnace":1,"minecraft:egg":2,"minecraft:book":24,"minecraft:raw_iron":1,"minecraft:pumpkin":1,"minecraft:sweet_berries":19,"minecraft:chiseled_stone_bricks":3,"crabbersdelight:crab":3,"minecraft:torch":1,"minecraft:diorite":4,"minecraft:spruce_log":6,"minecraft:green_carpet":1,"minecraft:spider_eye":1,"minecraft:lever":1,"minecraft:rotten_flesh":2,"minecraft:stone_axe":1,"minecraft:spruce_boat":3,"minecraft:totem_of_undying":2,"minecraft:emerald":5,"biomesoplenty:white_petals":4,"alexsmobs:banana_slug_slime":2,"minecraft:stripped_dark_oak_log":1,"minecraft:dark_oak_fence":1,"minecraft:mutton":2,"minecraft:coal":8,"minecraft:white_wool":1,"minecraft:cobblestone":25}},"DataVersion":3465}