{"stats":{"minecraft:used":{"minecraft:wooden_axe":9,"minecraft:wooden_pickaxe":11},"minecraft:dropped":{"minecraft:wooden_hoe":2,"minecraft:spruce_sapling":7},"minecraft:crafted":{"minecraft:wooden_hoe":1,"minecraft:spruce_planks":36,"minecraft:stick":8,"minecraft:wooden_pickaxe":1,"minecraft:wooden_axe":1},"minecraft:custom":{"minecraft:time_since_rest":6526,"minecraft:crouch_one_cm":198,"minecraft:play_time":6526,"minecraft:sprint_one_cm":8308,"minecraft:walk_one_cm":8232,"minecraft:sneak_time":66,"minecraft:drop":5,"minecraft:jump":28,"minecraft:damage_dealt":10,"minecraft:leave_game":1,"minecraft:time_since_death":6526,"minecraft:total_world_time":6526,"minecraft:fall_one_cm":687,"minecraft:interact_with_crafting_table":2,"minecraft:fly_one_cm":7986},"minecraft:mined":{"minecraft:stone":11,"minecraft:spruce_leaves":2,"minecraft:spruce_log":8,"minecraft:crafting_table":1},"minecraft:picked_up":{"minecraft:crafting_table":1,"minecraft:spruce_sapling":7,"minecraft:spruce_log":9,"minecraft:wooden_hoe":1,"minecraft:cobblestone":10}},"DataVersion":3465}