{"stats":{"minecraft:used":{"minecraft:diorite":1,"minecraft:stone_sword":72,"minecraft:stone_pickaxe":58,"minecraft:ladder":2,"minecraft:spruce_planks":86,"minecraft:wooden_pickaxe":24,"minecraft:stone_hoe":21,"minecraft:torch":13,"minecraft:crafting_table":5,"minecraft:wooden_axe":53,"minecraft:lantern":1,"minecraft:bread":33,"waystones:mossy_waystone":1,"minecraft:iron_pickaxe":75,"minecraft:stone_axe":80,"minecraft:cobblestone":9,"minecraft:furnace":1,"minecraft:cooked_porkchop":5,"minecraft:yellow_bed":3},"minecraft:dropped":{"minecraft:iron_ingot":1,"minecraft:oak_log":3,"minecraft:cobbled_deepslate":2,"minecraft:rotten_flesh":4,"minecraft:pumpkin_seeds":6,"biomesoplenty:fir_sapling":1,"minecraft:wooden_hoe":2,"minecraft:mossy_stone_bricks":1,"minecraft:wooden_axe":2,"minecraft:brown_carpet":4,"minecraft:spider_eye":2,"minecraft:spruce_log":3,"minecraft:stone_pickaxe":1,"minecraft:wooden_pickaxe":2,"minecraft:spruce_sapling":9},"minecraft:crafted":{"minecraft:cooked_porkchop":2,"minecraft:crafting_table":1,"minecraft:spruce_planks":192,"minecraft:wooden_pickaxe":1,"minecraft:furnace":1,"minecraft:stone_axe":1,"minecraft:bread":114,"minecraft:air":0,"minecraft:wooden_hoe":1,"minecraft:shield":1,"minecraft:stick":32,"minecraft:iron_ingot":17,"minecraft:iron_pickaxe":1,"minecraft:stone_pickaxe":1,"minecraft:wooden_axe":1,"minecraft:stone_sword":1,"backpacked:backpack":1,"minecraft:torch":16,"minecraft:stone_hoe":1,"minecraft:wheat":333},"minecraft:killed":{"minecraft:spider":2,"alexsmobs:alligator_snapping_turtle":1,"minecraft:skeleton":6,"minecraft:zombie":3,"minecraft:cow":10},"minecraft:custom":{"minecraft:interact_with_furnace":5,"minecraft:mob_kills":32,"minecraft:animals_bred":1,"minecraft:interact_with_crafting_table":12,"minecraft:open_barrel":16,"minecraft:eat_cake_slice":2,"minecraft:leave_game":1,"minecraft:time_since_death":66526,"minecraft:sleep_in_bed":5,"minecraft:climb_one_cm":4549,"minecraft:time_since_rest":2341,"minecraft:waystone_activated":2,"minecraft:sprint_one_cm":234950,"minecraft:damage_taken":1756,"minecraft:walk_one_cm":126292,"minecraft:drop":26,"minecraft:damage_dealt":3879,"twilightforest:life_charms_activated":1,"minecraft:talked_to_villager":2,"minecraft:swim_one_cm":7073,"minecraft:fly_one_cm":411521,"minecraft:open_chest":11,"minecraft:crouch_one_cm":6064,"minecraft:play_time":66526,"minecraft:sneak_time":2307,"minecraft:walk_under_water_one_cm":3802,"minecraft:jump":1703,"minecraft:walk_on_water_one_cm":7881,"minecraft:interact_with_smoker":4,"minecraft:total_world_time":66526,"minecraft:fall_one_cm":54296},"minecraft:mined":{"minecraft:spruce_planks":7,"minecraft:infested_stone_bricks":2,"minecraft:deepslate_diamond_ore":3,"biomesoplenty:glowworm_silk":2,"minecraft:soul_fire":1,"minecraft:brown_carpet":6,"minecraft:crafting_table":5,"minecraft:ladder":2,"minecraft:glow_lichen":1,"minecraft:blast_furnace":4,"minecraft:brown_mushroom_block":2,"minecraft:deepslate_bricks":5,"minecraft:tall_grass":2,"minecraft:spruce_leaves":5,"minecraft:diorite":1,"minecraft:spawner":3,"supplementaries:urn":11,"minecraft:large_fern":5,"minecraft:hay_block":40,"minecraft:furnace":1,"minecraft:iron_ore":37,"minecraft:spruce_log":47,"minecraft:pumpkin":3,"biomesoplenty:umbran_log":30,"biomesoplenty:fir_log":13,"minecraft:yellow_bed":3,"minecraft:polished_deepslate":1,"minecraft:grass":1,"minecraft:bookshelf":4,"minecraft:coal_ore":34,"minecraft:deepslate_iron_ore":25,"minecraft:deepslate_brick_stairs":1,"minecraft:stone":26,"minecraft:polished_deepslate_wall":1,"minecraft:mossy_stone_bricks":1,"minecraft:player_head":4,"minecraft:oak_leaves":2,"minecraft:deepslate":2},"minecraft:picked_up":{"minecraft:wooden_axe":1,"minecraft:crafting_table":5,"minecraft:ladder":2,"minecraft:leather":11,"friendsandfoes:totem_of_illusion":1,"minecraft:wooden_pickaxe":1,"biomesoplenty:fir_sapling":1,"biomesoplenty:fir_log":13,"spawnersplus:spawner_fragment":3,"minecraft:yellow_bed":3,"minecraft:polished_deepslate_wall":1,"minecraft:polished_deepslate":1,"minecraft:lantern":1,"minecraft:wooden_hoe":1,"minecraft:string":2,"minecraft:bone":13,"minecraft:gold_nugget":35,"minecraft:cobbled_deepslate":2,"minecraft:spruce_planks":6,"minecraft:beef":24,"minecraft:player_head":4,"minecraft:mossy_stone_bricks":1,"twigs:twig":14,"biomesoplenty:umbran_log":25,"minecraft:book":12,"minecraft:furnace":1,"minecraft:raw_iron":61,"minecraft:torch":13,"waystones:mossy_waystone":2,"minecraft:spruce_sapling":9,"minecraft:blast_furnace":4,"minecraft:diorite":1,"illagerinvasion:illusionary_dust":1,"minecraft:spruce_log":48,"minecraft:spider_eye":2,"minecraft:brown_carpet":4,"minecraft:pumpkin_seeds":3,"minecraft:arrow":7,"minecraft:rotten_flesh":4,"minecraft:diamond":3,"biomesoplenty:umbran_sapling":2,"minecraft:deepslate_bricks":1,"minecraft:hay_block":40,"minecraft:golden_apple":1,"supplementaries:ash":20,"minecraft:deepslate_brick_stairs":1,"minecraft:coal":34,"minecraft:cobblestone":25}},"DataVersion":3465}