{"stats":{"minecraft:broken":{"aether:chainmail_gloves":1},"minecraft:used":{"minecraft:stone_sword":72,"minecraft:ladder":2,"minecraft:spruce_planks":105,"minecraft:shield":1,"minecraft:iron_sword":132,"minecraft:stone_hoe":21,"minecraft:torch":15,"villagersplus:oceanographer_table":1,"minecraft:spruce_stairs":1,"minecraft:iron_hoe":7,"minecraft:wooden_axe":53,"friendsandfoes:totem_of_illusion":1,"minecraft:lantern":1,"minecraft:iron_axe":34,"minecraft:furnace":2,"minecraft:cooked_beef":9,"minecraft:water_bucket":6,"minecraft:diorite":1,"minecraft:stone_pickaxe":58,"minecraft:wooden_pickaxe":24,"minecraft:crafting_table":8,"minecraft:blast_furnace":1,"minecraft:smoker":1,"conjurer_illager:throwable_ball":5,"minecraft:bread":33,"minecraft:iron_pickaxe":98,"waystones:mossy_waystone":2,"minecraft:stone_axe":80,"minecraft:cobblestone":16,"minecraft:cooked_porkchop":10,"minecraft:bucket":7,"minecraft:yellow_bed":3},"minecraft:dropped":{"minecraft:stone_hoe":1,"minecraft:iron_ingot":1,"minecraft:oak_log":3,"minecraft:iron_helmet":1,"minecraft:leather":1,"delightful:mini_melon":1,"biomesoplenty:fir_sapling":1,"minecraft:deepslate_brick_stairs":1,"minecraft:wooden_hoe":2,"minecraft:wooden_axe":2,"minecraft:polished_deepslate_wall":1,"minecraft:cyan_carpet":13,"minecraft:spruce_sapling":9,"minecraft:polished_deepslate":1,"minecraft:stone_axe":1,"minecraft:stone_sword":1,"minecraft:cobbled_deepslate":2,"minecraft:dark_oak_sign":1,"minecraft:soul_lantern":1,"alexsmobs:blobfish":1,"minecraft:rotten_flesh":17,"minecraft:pumpkin_seeds":6,"minecraft:deepslate_bricks":1,"minecraft:yellow_bed":1,"minecraft:mossy_stone_bricks":1,"minecraft:spider_eye":2,"minecraft:stone_bricks":2,"minecraft:brown_carpet":4,"minecraft:spruce_log":3,"minecraft:arrow":2,"minecraft:wooden_pickaxe":2,"minecraft:stone_pickaxe":1,"minecraft:stone_brick_stairs":1},"minecraft:crafted":{"minecraft:coal":18,"minecraft:furnace":1,"minecraft:diamond":9,"minecraft:iron_axe":1,"minecraft:stone_pickaxe":1,"backpacked:backpack":1,"minecraft:stone_hoe":1,"minecraft:smoker":1,"minecraft:wheat":360,"minecraft:cooked_beef":24,"minecraft:cooked_porkchop":2,"minecraft:crafting_table":1,"minecraft:spruce_planks":192,"minecraft:wooden_pickaxe":1,"minecraft:iron_sword":1,"minecraft:bucket":1,"minecraft:stone_axe":1,"minecraft:air":0,"minecraft:bread":123,"minecraft:iron_chestplate":1,"minecraft:wooden_hoe":1,"minecraft:shield":1,"minecraft:iron_ingot":65,"minecraft:stick":32,"minecraft:iron_pickaxe":1,"minecraft:wooden_axe":1,"minecraft:stone_sword":1,"minecraft:iron_leggings":1,"minecraft:torch":16},"minecraft:killed":{"minecraft:spider":2,"minecraft:vindicator":1,"alexsmobs:alligator_snapping_turtle":1,"minecraft:skeleton":18,"minecraft:husk":8,"minecraft:zombie":9,"minecraft:stray":2,"minecraft:cow":10},"minecraft:custom":{"minecraft:interact_with_smithing_table":1,"minecraft:mob_kills":61,"minecraft:animals_bred":1,"minecraft:interact_with_crafting_table":22,"minecraft:open_barrel":31,"minecraft:eat_cake_slice":3,"minecraft:leave_game":2,"minecraft:time_since_death":104270,"minecraft:climb_one_cm":6333,"minecraft:sprint_one_cm":387538,"minecraft:walk_one_cm":213253,"minecraft:damage_blocked_by_shield":50,"minecraft:drop":50,"minecraft:talked_to_villager":3,"minecraft:play_time":104270,"minecraft:sneak_time":2695,"minecraft:walk_under_water_one_cm":3882,"minecraft:interact_with_brewingstand":2,"minecraft:jump":2615,"minecraft:interact_with_blast_furnace":7,"minecraft:walk_on_water_one_cm":9690,"minecraft:total_world_time":104270,"minecraft:interact_with_furnace":12,"minecraft:sleep_in_bed":9,"minecraft:time_since_rest":5821,"minecraft:waystone_activated":5,"minecraft:damage_taken":2656,"minecraft:damage_dealt":12398,"twilightforest:life_charms_activated":1,"minecraft:fly_one_cm":674750,"minecraft:swim_one_cm":8574,"minecraft:open_chest":17,"minecraft:crouch_one_cm":7589,"minecraft:interact_with_smoker":8,"minecraft:fall_one_cm":76038},"minecraft:mined":{"minecraft:spruce_planks":13,"minecraft:deepslate_diamond_ore":3,"minecraft:brewing_stand":1,"minecraft:glow_lichen":1,"minecraft:ladder":2,"minecraft:deepslate_bricks":5,"minecraft:brown_mushroom_block":2,"minecraft:coal_block":2,"minecraft:spruce_leaves":5,"minecraft:spawner":7,"minecraft:large_fern":5,"minecraft:hay_block":47,"minecraft:glowstone":1,"minecraft:furnace":2,"minecraft:iron_ore":37,"minecraft:diamond_block":1,"minecraft:pumpkin":3,"minecraft:polished_deepslate":1,"minecraft:bookshelf":25,"minecraft:deepslate_iron_ore":25,"minecraft:deepslate_brick_stairs":1,"minecraft:stone":26,"minecraft:player_head":4,"minecraft:infested_stone_bricks":2,"biomesoplenty:glowworm_silk":2,"minecraft:smoker":1,"minecraft:soul_fire":1,"minecraft:brown_carpet":6,"minecraft:crafting_table":8,"minecraft:blast_furnace":8,"minecraft:tall_grass":2,"minecraft:cyan_bed":1,"minecraft:diorite":1,"supplementaries:urn":11,"minecraft:spruce_stairs":1,"minecraft:ice":1,"minecraft:spruce_log":47,"biomesoplenty:umbran_log":30,"biomesoplenty:fir_log":13,"minecraft:yellow_bed":4,"minecraft:stone_brick_stairs":1,"minecraft:grass":1,"minecraft:coal_ore":34,"delightful:mini_melon":1,"minecraft:cyan_carpet":1,"villagersplus:alchemist_table":1,"minecraft:stone_bricks":2,"minecraft:mossy_stone_bricks":1,"minecraft:polished_deepslate_wall":1,"minecraft:oak_leaves":2,"minecraft:deepslate":2,"villagersplus:oceanographer_table":2},"minecraft:picked_up":{"minecraft:wooden_axe":1,"minecraft:seagrass":4,"minecraft:crafting_table":8,"minecraft:ladder":2,"minecraft:wooden_pickaxe":1,"friendsandfoes:totem_of_illusion":1,"minecraft:stone_brick_stairs":1,"minecraft:brewing_stand":1,"spawnersplus:spawner_fragment":7,"minecraft:polished_deepslate_wall":1,"minecraft:polished_deepslate":1,"minecraft:string":2,"minecraft:cyan_carpet":13,"minecraft:gold_nugget":35,"minecraft:cobbled_deepslate":2,"minecraft:spruce_planks":62,"minecraft:beef":24,"minecraft:player_head":4,"minecraft:coal_block":2,"minecraft:furnace":2,"minecraft:raw_iron":61,"minecraft:torch":14,"minecraft:spruce_stairs":1,"conjurer_illager:throwable_ball":5,"minecraft:diorite":1,"minecraft:carrot":1,"minecraft:redstone":1,"minecraft:brown_carpet":4,"minecraft:tube_coral":3,"minecraft:arrow":27,"minecraft:rotten_flesh":17,"biomesoplenty:umbran_sapling":2,"minecraft:deepslate_bricks":1,"minecraft:hay_block":47,"supplementaries:ash":20,"villagersplus:alchemist_table":1,"minecraft:deepslate_brick_stairs":1,"minecraft:cobblestone":25,"minecraft:water_bucket":1,"minecraft:leather":11,"minecraft:smoker":1,"biomesoplenty:fir_sapling":1,"biomesoplenty:fir_log":13,"minecraft:yellow_bed":5,"minecraft:wooden_hoe":1,"minecraft:lantern":1,"minecraft:bone":26,"minecraft:stone_bricks":2,"delightful:mini_melon":1,"minecraft:dark_oak_sign":1,"minecraft:mossy_stone_bricks":1,"minecraft:glowstone_dust":3,"alexsmobs:blobfish":1,"twigs:twig":14,"biomesoplenty:umbran_log":25,"minecraft:brain_coral":3,"minecraft:book":75,"minecraft:tropical_fish_bucket":2,"waystones:mossy_waystone":3,"villagersplus:oceanographer_table":2,"minecraft:spruce_sapling":9,"minecraft:blast_furnace":8,"minecraft:spruce_log":48,"minecraft:cyan_bed":1,"minecraft:diamond_block":1,"illagerinvasion:illusionary_dust":2,"minecraft:spider_eye":2,"minecraft:pumpkin_seeds":3,"minecraft:diamond":3,"minecraft:soul_lantern":1,"minecraft:golden_apple":1,"minecraft:emerald":1,"minecraft:coal":42}},"DataVersion":3465}