{"stats":{"minecraft:used":{"minecraft:diorite":1,"minecraft:stone_sword":14,"minecraft:stone_pickaxe":58,"minecraft:spruce_planks":43,"minecraft:wooden_pickaxe":24,"minecraft:stone_hoe":18,"minecraft:torch":6,"minecraft:crafting_table":3,"minecraft:wooden_axe":53,"minecraft:bread":6,"minecraft:iron_pickaxe":1,"minecraft:stone_axe":21,"minecraft:furnace":1,"minecraft:cooked_porkchop":2,"minecraft:yellow_bed":1},"minecraft:dropped":{"minecraft:wooden_hoe":2,"minecraft:wooden_axe":2,"minecraft:wooden_pickaxe":2,"minecraft:spruce_sapling":9},"minecraft:crafted":{"minecraft:cooked_porkchop":2,"minecraft:crafting_table":1,"minecraft:spruce_planks":192,"minecraft:wooden_pickaxe":1,"minecraft:furnace":1,"minecraft:stone_axe":1,"minecraft:air":0,"minecraft:wooden_hoe":1,"minecraft:stick":32,"minecraft:iron_ingot":4,"minecraft:iron_pickaxe":1,"minecraft:stone_pickaxe":1,"minecraft:wooden_axe":1,"minecraft:stone_sword":1,"minecraft:torch":16,"minecraft:stone_hoe":1},"minecraft:killed":{"minecraft:spider":2,"alexsmobs:alligator_snapping_turtle":1,"minecraft:zombie":1},"minecraft:custom":{"minecraft:interact_with_furnace":2,"minecraft:mob_kills":4,"minecraft:interact_with_crafting_table":7,"minecraft:leave_game":1,"minecraft:time_since_death":30526,"minecraft:sleep_in_bed":2,"minecraft:time_since_rest":0,"minecraft:sprint_one_cm":75079,"minecraft:damage_taken":310,"minecraft:walk_one_cm":53986,"minecraft:drop":10,"minecraft:damage_dealt":776,"minecraft:talked_to_villager":2,"minecraft:swim_one_cm":1610,"minecraft:fly_one_cm":100825,"minecraft:open_chest":5,"minecraft:crouch_one_cm":2648,"minecraft:play_time":30526,"minecraft:sneak_time":1102,"minecraft:walk_under_water_one_cm":2998,"minecraft:jump":495,"minecraft:walk_on_water_one_cm":3762,"minecraft:interact_with_smoker":4,"minecraft:total_world_time":30526,"minecraft:fall_one_cm":16841},"minecraft:mined":{"minecraft:deepslate_diamond_ore":1,"minecraft:crafting_table":2,"minecraft:glow_lichen":1,"minecraft:brown_mushroom_block":2,"minecraft:spruce_leaves":5,"minecraft:diorite":1,"supplementaries:urn":1,"minecraft:large_fern":5,"minecraft:hay_block":37,"minecraft:iron_ore":16,"minecraft:spruce_log":47,"biomesoplenty:fir_log":13,"minecraft:yellow_bed":1,"minecraft:coal_ore":34,"minecraft:deepslate_iron_ore":2,"minecraft:stone":26},"minecraft:picked_up":{"minecraft:wooden_axe":1,"minecraft:crafting_table":2,"minecraft:wooden_pickaxe":1,"biomesoplenty:fir_sapling":1,"biomesoplenty:fir_log":13,"minecraft:yellow_bed":1,"minecraft:wooden_hoe":1,"minecraft:string":2,"minecraft:bone":2,"twigs:twig":12,"minecraft:raw_iron":17,"minecraft:spruce_sapling":9,"minecraft:diorite":1,"minecraft:spruce_log":48,"minecraft:spider_eye":1,"minecraft:rotten_flesh":1,"minecraft:diamond":1,"minecraft:hay_block":37,"supplementaries:ash":2,"minecraft:coal":34,"minecraft:cobblestone":25}},"DataVersion":3465}