{"stats":{"minecraft:used":{"minecraft:stone_sword":72,"minecraft:ladder":2,"minecraft:spruce_planks":89,"minecraft:iron_sword":38,"minecraft:stone_hoe":21,"minecraft:torch":14,"minecraft:iron_hoe":7,"minecraft:wooden_axe":53,"minecraft:lantern":1,"minecraft:iron_axe":26,"minecraft:furnace":2,"minecraft:diorite":1,"minecraft:stone_pickaxe":58,"minecraft:wooden_pickaxe":24,"minecraft:crafting_table":8,"minecraft:blast_furnace":1,"minecraft:smoker":1,"minecraft:bread":33,"minecraft:iron_pickaxe":84,"waystones:mossy_waystone":1,"minecraft:stone_axe":80,"minecraft:cobblestone":9,"minecraft:cooked_porkchop":6,"minecraft:bucket":1,"minecraft:yellow_bed":3},"minecraft:dropped":{"minecraft:stone_hoe":1,"minecraft:iron_ingot":1,"minecraft:oak_log":3,"biomesoplenty:fir_sapling":1,"minecraft:deepslate_brick_stairs":1,"minecraft:wooden_hoe":2,"minecraft:wooden_axe":2,"minecraft:polished_deepslate_wall":1,"minecraft:spruce_sapling":9,"minecraft:polished_deepslate":1,"minecraft:stone_axe":1,"minecraft:stone_sword":1,"minecraft:cobbled_deepslate":2,"minecraft:dark_oak_sign":1,"minecraft:soul_lantern":1,"minecraft:rotten_flesh":4,"minecraft:pumpkin_seeds":6,"minecraft:deepslate_bricks":1,"minecraft:mossy_stone_bricks":1,"minecraft:spider_eye":2,"minecraft:brown_carpet":4,"minecraft:spruce_log":3,"minecraft:stone_pickaxe":1,"minecraft:wooden_pickaxe":2},"minecraft:crafted":{"minecraft:furnace":1,"minecraft:iron_axe":1,"minecraft:stone_pickaxe":1,"backpacked:backpack":1,"minecraft:stone_hoe":1,"minecraft:wheat":360,"minecraft:smoker":1,"minecraft:cooked_beef":24,"minecraft:cooked_porkchop":2,"minecraft:crafting_table":1,"minecraft:spruce_planks":192,"minecraft:wooden_pickaxe":1,"minecraft:iron_sword":1,"minecraft:bucket":1,"minecraft:stone_axe":1,"minecraft:air":0,"minecraft:bread":123,"minecraft:iron_chestplate":1,"minecraft:wooden_hoe":1,"minecraft:shield":1,"minecraft:stick":32,"minecraft:iron_ingot":65,"minecraft:iron_pickaxe":1,"minecraft:wooden_axe":1,"minecraft:stone_sword":1,"minecraft:iron_leggings":1,"minecraft:torch":16},"minecraft:killed":{"minecraft:spider":2,"alexsmobs:alligator_snapping_turtle":1,"minecraft:skeleton":16,"minecraft:zombie":3,"minecraft:cow":10},"minecraft:custom":{"minecraft:mob_kills":42,"minecraft:animals_bred":1,"minecraft:interact_with_crafting_table":22,"minecraft:open_barrel":27,"minecraft:eat_cake_slice":3,"minecraft:leave_game":1,"minecraft:time_since_death":78526,"minecraft:climb_one_cm":4549,"minecraft:sprint_one_cm":252326,"minecraft:walk_one_cm":155462,"minecraft:drop":35,"minecraft:talked_to_villager":2,"minecraft:play_time":78526,"minecraft:sneak_time":2390,"minecraft:walk_under_water_one_cm":3802,"minecraft:interact_with_brewingstand":1,"minecraft:jump":1745,"minecraft:interact_with_blast_furnace":7,"minecraft:walk_on_water_one_cm":7918,"minecraft:total_world_time":78526,"minecraft:interact_with_furnace":11,"minecraft:sleep_in_bed":7,"minecraft:time_since_rest":11281,"minecraft:waystone_activated":2,"minecraft:damage_taken":1829,"minecraft:damage_dealt":5867,"twilightforest:life_charms_activated":1,"minecraft:swim_one_cm":7073,"minecraft:fly_one_cm":412231,"minecraft:open_chest":13,"minecraft:crouch_one_cm":6358,"minecraft:interact_with_smoker":8,"minecraft:fall_one_cm":54296},"minecraft:mined":{"minecraft:spruce_planks":10,"minecraft:deepslate_diamond_ore":3,"minecraft:brewing_stand":1,"minecraft:glow_lichen":1,"minecraft:ladder":2,"minecraft:brown_mushroom_block":2,"minecraft:deepslate_bricks":5,"minecraft:spruce_leaves":5,"minecraft:spawner":5,"minecraft:large_fern":5,"minecraft:hay_block":47,"minecraft:furnace":2,"minecraft:iron_ore":37,"minecraft:pumpkin":3,"minecraft:polished_deepslate":1,"minecraft:bookshelf":22,"minecraft:deepslate_iron_ore":25,"minecraft:deepslate_brick_stairs":1,"minecraft:stone":26,"minecraft:player_head":4,"minecraft:smoker":1,"minecraft:infested_stone_bricks":2,"biomesoplenty:glowworm_silk":2,"minecraft:soul_fire":1,"minecraft:brown_carpet":6,"minecraft:crafting_table":8,"minecraft:blast_furnace":8,"minecraft:tall_grass":2,"minecraft:cyan_bed":1,"minecraft:diorite":1,"supplementaries:urn":11,"minecraft:spruce_log":47,"biomesoplenty:umbran_log":30,"biomesoplenty:fir_log":13,"minecraft:yellow_bed":4,"minecraft:grass":1,"minecraft:coal_ore":34,"minecraft:cyan_carpet":1,"minecraft:mossy_stone_bricks":1,"minecraft:polished_deepslate_wall":1,"minecraft:oak_leaves":2,"minecraft:deepslate":2},"minecraft:picked_up":{"minecraft:wooden_axe":1,"minecraft:crafting_table":8,"minecraft:ladder":2,"minecraft:wooden_pickaxe":1,"friendsandfoes:totem_of_illusion":1,"minecraft:brewing_stand":1,"spawnersplus:spawner_fragment":5,"minecraft:polished_deepslate_wall":1,"minecraft:polished_deepslate":1,"minecraft:string":2,"minecraft:cyan_carpet":1,"minecraft:gold_nugget":35,"minecraft:cobbled_deepslate":2,"minecraft:spruce_planks":9,"minecraft:beef":24,"minecraft:player_head":4,"minecraft:furnace":2,"minecraft:raw_iron":61,"minecraft:torch":13,"minecraft:diorite":1,"minecraft:brown_carpet":4,"minecraft:arrow":21,"minecraft:rotten_flesh":4,"biomesoplenty:umbran_sapling":2,"minecraft:deepslate_bricks":1,"minecraft:hay_block":47,"supplementaries:ash":20,"minecraft:deepslate_brick_stairs":1,"minecraft:cobblestone":25,"minecraft:leather":11,"minecraft:smoker":1,"biomesoplenty:fir_log":13,"biomesoplenty:fir_sapling":1,"minecraft:yellow_bed":4,"minecraft:wooden_hoe":1,"minecraft:lantern":1,"minecraft:bone":22,"minecraft:dark_oak_sign":1,"minecraft:mossy_stone_bricks":1,"twigs:twig":14,"biomesoplenty:umbran_log":25,"minecraft:book":66,"waystones:mossy_waystone":2,"minecraft:spruce_sapling":9,"minecraft:blast_furnace":8,"minecraft:spruce_log":48,"minecraft:cyan_bed":1,"illagerinvasion:illusionary_dust":2,"minecraft:spider_eye":2,"minecraft:pumpkin_seeds":3,"minecraft:diamond":3,"minecraft:soul_lantern":1,"minecraft:golden_apple":1,"minecraft:coal":42}},"DataVersion":3465}