{"stats":{"minecraft:picked_up":{"minecraft:crafting_table":1,"minecraft:spruce_sapling":7,"minecraft:spruce_log":9,"minecraft:wooden_hoe":1},"minecraft:used":{"minecraft:wooden_axe":9},"minecraft:custom":{"minecraft:time_since_rest":3730,"minecraft:crouch_one_cm":198,"minecraft:play_time":3730,"minecraft:sprint_one_cm":3804,"minecraft:walk_one_cm":5933,"minecraft:sneak_time":66,"minecraft:drop":5,"minecraft:jump":10,"minecraft:damage_dealt":10,"minecraft:leave_game":1,"minecraft:time_since_death":3730,"minecraft:total_world_time":3730,"minecraft:interact_with_crafting_table":2,"minecraft:fly_one_cm":2334},"minecraft:mined":{"minecraft:spruce_leaves":2,"minecraft:spruce_log":8,"minecraft:crafting_table":1},"minecraft:dropped":{"minecraft:wooden_hoe":2,"minecraft:spruce_sapling":7},"minecraft:crafted":{"minecraft:wooden_hoe":1,"minecraft:spruce_planks":36,"minecraft:stick":8,"minecraft:wooden_pickaxe":1,"minecraft:wooden_axe":1}},"DataVersion":3465}