{"stats":{"minecraft:used":{"minecraft:diorite":1,"minecraft:stone_sword":35,"minecraft:stone_pickaxe":58,"minecraft:spruce_planks":86,"minecraft:wooden_pickaxe":24,"minecraft:stone_hoe":18,"minecraft:torch":11,"minecraft:crafting_table":3,"minecraft:wooden_axe":53,"minecraft:bread":15,"minecraft:iron_pickaxe":53,"minecraft:stone_axe":30,"minecraft:furnace":1,"minecraft:cooked_porkchop":2,"minecraft:yellow_bed":1},"minecraft:dropped":{"minecraft:rotten_flesh":4,"minecraft:pumpkin_seeds":6,"minecraft:wooden_hoe":2,"minecraft:wooden_axe":2,"minecraft:spider_eye":2,"minecraft:stone_pickaxe":1,"minecraft:wooden_pickaxe":2,"minecraft:spruce_sapling":9},"minecraft:crafted":{"minecraft:cooked_porkchop":2,"minecraft:crafting_table":1,"minecraft:spruce_planks":192,"minecraft:wooden_pickaxe":1,"minecraft:furnace":1,"minecraft:stone_axe":1,"minecraft:bread":114,"minecraft:air":0,"minecraft:wooden_hoe":1,"minecraft:stick":32,"minecraft:iron_ingot":17,"minecraft:iron_pickaxe":1,"minecraft:stone_pickaxe":1,"minecraft:wooden_axe":1,"minecraft:stone_sword":1,"minecraft:torch":16,"minecraft:stone_hoe":1,"minecraft:wheat":333},"minecraft:killed":{"minecraft:spider":2,"alexsmobs:alligator_snapping_turtle":1,"minecraft:skeleton":2,"minecraft:zombie":3},"minecraft:custom":{"minecraft:interact_with_furnace":4,"minecraft:mob_kills":8,"minecraft:interact_with_crafting_table":9,"minecraft:leave_game":1,"minecraft:time_since_death":42526,"minecraft:sleep_in_bed":2,"minecraft:time_since_rest":11822,"minecraft:sprint_one_cm":113434,"minecraft:damage_taken":810,"minecraft:walk_one_cm":73431,"minecraft:drop":18,"minecraft:damage_dealt":1668,"twilightforest:life_charms_activated":1,"minecraft:talked_to_villager":2,"minecraft:swim_one_cm":2664,"minecraft:fly_one_cm":207024,"minecraft:open_chest":5,"minecraft:crouch_one_cm":6017,"minecraft:play_time":42526,"minecraft:sneak_time":2227,"minecraft:walk_under_water_one_cm":3413,"minecraft:jump":926,"minecraft:walk_on_water_one_cm":6603,"minecraft:interact_with_smoker":4,"minecraft:total_world_time":42526,"minecraft:fall_one_cm":28975},"minecraft:mined":{"minecraft:spruce_planks":7,"minecraft:deepslate_diamond_ore":3,"biomesoplenty:glowworm_silk":2,"minecraft:crafting_table":3,"minecraft:glow_lichen":1,"minecraft:brown_mushroom_block":2,"minecraft:spruce_leaves":5,"minecraft:diorite":1,"supplementaries:urn":11,"minecraft:large_fern":5,"minecraft:hay_block":37,"minecraft:furnace":1,"minecraft:iron_ore":37,"minecraft:spruce_log":47,"biomesoplenty:fir_log":13,"minecraft:yellow_bed":2,"minecraft:coal_ore":34,"minecraft:deepslate_iron_ore":25,"minecraft:stone":26,"minecraft:deepslate":2},"minecraft:picked_up":{"minecraft:wooden_axe":1,"minecraft:crafting_table":3,"minecraft:wooden_pickaxe":1,"biomesoplenty:fir_sapling":1,"biomesoplenty:fir_log":13,"minecraft:yellow_bed":2,"minecraft:wooden_hoe":1,"minecraft:string":2,"minecraft:bone":11,"minecraft:gold_nugget":35,"minecraft:cobbled_deepslate":2,"minecraft:spruce_planks":6,"twigs:twig":12,"minecraft:furnace":1,"minecraft:raw_iron":61,"minecraft:torch":13,"minecraft:spruce_sapling":9,"minecraft:diorite":1,"minecraft:spruce_log":48,"minecraft:spider_eye":2,"minecraft:pumpkin_seeds":3,"minecraft:arrow":2,"minecraft:rotten_flesh":4,"minecraft:diamond":3,"minecraft:hay_block":37,"supplementaries:ash":20,"minecraft:coal":34,"minecraft:cobblestone":25}},"DataVersion":3465}