{"stats":{"minecraft:used":{"minecraft:diorite":1,"minecraft:stone_sword":50,"minecraft:stone_pickaxe":58,"minecraft:spruce_planks":86,"minecraft:wooden_pickaxe":24,"minecraft:stone_hoe":18,"minecraft:torch":12,"minecraft:crafting_table":4,"minecraft:wooden_axe":53,"minecraft:bread":28,"minecraft:iron_pickaxe":53,"minecraft:stone_axe":73,"minecraft:furnace":1,"minecraft:cooked_porkchop":2,"minecraft:yellow_bed":2},"minecraft:dropped":{"minecraft:iron_ingot":1,"minecraft:oak_log":3,"minecraft:cobbled_deepslate":2,"minecraft:rotten_flesh":4,"minecraft:pumpkin_seeds":6,"biomesoplenty:fir_sapling":1,"minecraft:wooden_hoe":2,"minecraft:wooden_axe":2,"minecraft:brown_carpet":4,"minecraft:spider_eye":2,"minecraft:spruce_log":3,"minecraft:stone_pickaxe":1,"minecraft:wooden_pickaxe":2,"minecraft:spruce_sapling":9},"minecraft:crafted":{"minecraft:cooked_porkchop":2,"minecraft:crafting_table":1,"minecraft:spruce_planks":192,"minecraft:wooden_pickaxe":1,"minecraft:furnace":1,"minecraft:stone_axe":1,"minecraft:bread":114,"minecraft:air":0,"minecraft:wooden_hoe":1,"minecraft:stick":32,"minecraft:iron_ingot":17,"minecraft:iron_pickaxe":1,"minecraft:stone_pickaxe":1,"minecraft:wooden_axe":1,"minecraft:stone_sword":1,"backpacked:backpack":1,"minecraft:torch":16,"minecraft:stone_hoe":1,"minecraft:wheat":333},"minecraft:killed":{"minecraft:spider":2,"alexsmobs:alligator_snapping_turtle":1,"minecraft:skeleton":2,"minecraft:zombie":3,"minecraft:cow":10},"minecraft:custom":{"minecraft:interact_with_furnace":5,"minecraft:mob_kills":21,"minecraft:animals_bred":1,"minecraft:interact_with_crafting_table":10,"minecraft:open_barrel":4,"minecraft:leave_game":1,"minecraft:time_since_death":54526,"minecraft:sleep_in_bed":3,"minecraft:climb_one_cm":524,"minecraft:time_since_rest":7491,"minecraft:sprint_one_cm":183885,"minecraft:damage_taken":1265,"minecraft:walk_one_cm":94020,"minecraft:drop":25,"minecraft:damage_dealt":3011,"twilightforest:life_charms_activated":1,"minecraft:talked_to_villager":2,"minecraft:swim_one_cm":6071,"minecraft:fly_one_cm":343255,"minecraft:open_chest":5,"minecraft:crouch_one_cm":6017,"minecraft:play_time":54526,"minecraft:sneak_time":2237,"minecraft:walk_under_water_one_cm":3679,"minecraft:jump":1444,"minecraft:walk_on_water_one_cm":7323,"minecraft:interact_with_smoker":4,"minecraft:total_world_time":54526,"minecraft:fall_one_cm":46995},"minecraft:mined":{"minecraft:spruce_planks":7,"minecraft:deepslate_diamond_ore":3,"biomesoplenty:glowworm_silk":2,"minecraft:brown_carpet":6,"minecraft:crafting_table":4,"minecraft:glow_lichen":1,"minecraft:brown_mushroom_block":2,"minecraft:tall_grass":2,"minecraft:spruce_leaves":5,"minecraft:diorite":1,"supplementaries:urn":11,"minecraft:large_fern":5,"minecraft:hay_block":37,"minecraft:furnace":1,"minecraft:iron_ore":37,"minecraft:spruce_log":47,"minecraft:pumpkin":3,"biomesoplenty:umbran_log":30,"biomesoplenty:fir_log":13,"minecraft:yellow_bed":3,"minecraft:grass":1,"minecraft:coal_ore":34,"minecraft:deepslate_iron_ore":25,"minecraft:stone":26,"minecraft:deepslate":2},"minecraft:picked_up":{"minecraft:wooden_axe":1,"minecraft:crafting_table":4,"minecraft:leather":11,"friendsandfoes:totem_of_illusion":1,"minecraft:wooden_pickaxe":1,"biomesoplenty:fir_sapling":1,"biomesoplenty:fir_log":13,"minecraft:yellow_bed":3,"minecraft:wooden_hoe":1,"minecraft:string":2,"minecraft:bone":11,"minecraft:gold_nugget":35,"minecraft:cobbled_deepslate":2,"minecraft:spruce_planks":6,"minecraft:beef":24,"twigs:twig":14,"biomesoplenty:umbran_log":25,"minecraft:furnace":1,"minecraft:raw_iron":61,"minecraft:torch":13,"minecraft:spruce_sapling":9,"minecraft:diorite":1,"illagerinvasion:illusionary_dust":1,"minecraft:spruce_log":48,"minecraft:spider_eye":2,"minecraft:brown_carpet":4,"minecraft:pumpkin_seeds":3,"minecraft:arrow":4,"minecraft:rotten_flesh":4,"minecraft:diamond":3,"biomesoplenty:umbran_sapling":2,"minecraft:hay_block":37,"supplementaries:ash":20,"minecraft:coal":34,"minecraft:cobblestone":25}},"DataVersion":3465}