{"stats":{"minecraft:used":{"minecraft:wooden_axe":53,"minecraft:stone_sword":7,"minecraft:wooden_pickaxe":24,"minecraft:spruce_planks":10,"minecraft:stone_axe":15,"minecraft:crafting_table":1,"minecraft:cooked_porkchop":2},"minecraft:dropped":{"minecraft:wooden_hoe":2,"minecraft:wooden_axe":2,"minecraft:wooden_pickaxe":2,"minecraft:spruce_sapling":7},"minecraft:crafted":{"minecraft:wooden_hoe":1,"minecraft:cooked_porkchop":2,"minecraft:spruce_planks":192,"minecraft:stick":26,"minecraft:wooden_pickaxe":1,"minecraft:stone_pickaxe":1,"minecraft:wooden_axe":1,"minecraft:stone_sword":1,"minecraft:stone_axe":1,"minecraft:air":0},"minecraft:killed":{"minecraft:spider":1},"minecraft:custom":{"minecraft:time_since_rest":18526,"minecraft:sprint_one_cm":51627,"minecraft:damage_taken":80,"minecraft:walk_one_cm":35264,"minecraft:mob_kills":1,"minecraft:drop":9,"minecraft:damage_dealt":235,"minecraft:interact_with_crafting_table":4,"minecraft:fly_one_cm":63356,"minecraft:open_chest":4,"minecraft:crouch_one_cm":269,"minecraft:play_time":18526,"minecraft:sneak_time":157,"minecraft:jump":282,"minecraft:leave_game":1,"minecraft:time_since_death":18526,"minecraft:total_world_time":18526,"minecraft:interact_with_smoker":4,"minecraft:fall_one_cm":9754},"minecraft:mined":{"minecraft:large_fern":1,"minecraft:hay_block":20,"minecraft:spruce_log":47,"minecraft:yellow_bed":1,"biomesoplenty:fir_log":13,"minecraft:crafting_table":1,"minecraft:glow_lichen":1,"minecraft:spruce_leaves":5,"minecraft:stone":22},"minecraft:picked_up":{"minecraft:wooden_axe":1,"minecraft:crafting_table":1,"minecraft:wooden_pickaxe":1,"biomesoplenty:fir_sapling":1,"biomesoplenty:fir_log":13,"minecraft:spruce_sapling":9,"minecraft:yellow_bed":1,"minecraft:spruce_log":48,"minecraft:wooden_hoe":1,"minecraft:bone":2,"minecraft:hay_block":20,"twigs:twig":12,"minecraft:cobblestone":22}},"DataVersion":3465}