{"stats":{"minecraft:broken":{"aether:chainmail_gloves":1,"minecraft:iron_axe":1},"minecraft:used":{"minecraft:ladder":2,"minecraft:shield":1,"everycomp:ch/biomesoplenty/stacked_fir_planks":12,"minecraft:iron_sword":205,"minecraft:player_head":4,"minecraft:jungle_planks":18,"chipped:reinforced_spruce_log":4,"friendsandfoes:totem_of_illusion":1,"minecraft:lantern":1,"minecraft:furnace":2,"minecraft:diorite":1,"minecraft:stone_pickaxe":58,"minecraft:wooden_pickaxe":24,"biomesoplenty:fir_planks":50,"villagersplus:alchemist_table":1,"minecraft:blast_furnace":8,"chipped:fine_spruce_planks":97,"conjurer_illager:throwable_ball":5,"minecraft:bread":33,"minecraft:cyan_bed":3,"minecraft:lectern":1,"minecraft:diamond_sword":17,"chipped:carpenters_table":1,"minecraft:stone_sword":72,"minecraft:spruce_planks":109,"minecraft:stone_hoe":21,"minecraft:torch":46,"minecraft:brewing_stand":1,"minecraft:anvil":1,"villagersplus:oceanographer_table":2,"minecraft:spruce_stairs":5,"minecraft:diamond_helmet":1,"minecraft:iron_hoe":7,"minecraft:wooden_axe":53,"dragonmounts:dragon_egg":4,"minecraft:iron_axe":380,"biomesoplenty:umbran_sapling":2,"minecraft:acacia_wood":22,"minecraft:cooked_beef":27,"minecraft:water_bucket":15,"minecraft:lead":1,"minecraft:crafting_table":10,"quark:acacia_chest":2,"minecraft:smoker":2,"minecraft:cake":1,"minecraft:spruce_log":8,"minecraft:diamond_pickaxe":22,"waystones:mossy_waystone":3,"minecraft:iron_pickaxe":153,"minecraft:spruce_sapling":2,"minecraft:stone_axe":80,"minecraft:cobblestone":16,"biomesoplenty:fir_door":3,"minecraft:potion":1,"minecraft:turtle_helmet":1,"minecraft:cooked_porkchop":10,"minecraft:bucket":16,"minecraft:yellow_bed":4,"quark:oak_chest":3,"biomesoplenty:fir_log":4,"twigs:pebble":6},"minecraft:dropped":{"minecraft:iron_sword":1,"minecraft:oak_log":3,"minecraft:glass_bottle":5,"minecraft:leather":1,"minecraft:jungle_planks":1,"biomesoplenty:fir_sapling":5,"minecraft:gold_nugget":16,"minecraft:iron_pickaxe":1,"minecraft:white_wool":1,"minecraft:cyan_carpet":13,"minecraft:stone_axe":1,"minecraft:iron_nugget":6,"minecraft:cobbled_deepslate":2,"minecraft:soul_lantern":1,"minecraft:rotten_flesh":19,"minecraft:carrot":3,"supplementaries:antique_ink":2,"minecraft:chiseled_stone_bricks":4,"minecraft:poppy":2,"minecraft:iron_bars":2,"minecraft:arrow":3,"minecraft:stone_brick_stairs":1,"minecraft:stone_hoe":1,"minecraft:iron_ingot":1,"minecraft:oak_slab":5,"minecraft:wheat_seeds":1,"minecraft:iron_helmet":1,"dragonmounts:dragon_egg":2,"delightful:mini_melon":1,"minecraft:copper_ingot":7,"minecraft:oxeye_daisy":1,"minecraft:deepslate_brick_stairs":1,"minecraft:wooden_hoe":2,"minecraft:wooden_axe":2,"minecraft:waxed_oxidized_copper":1,"biomesoplenty:fir_door":1,"minecraft:paper":2,"minecraft:polished_deepslate_wall":1,"minecraft:spruce_sapling":15,"minecraft:redstone":2,"minecraft:polished_deepslate":1,"minecraft:stone_sword":1,"minecraft:dark_oak_sign":1,"alexsmobs:blobfish":1,"minecraft:pumpkin_seeds":6,"minecraft:blast_furnace":1,"minecraft:deepslate_bricks":1,"biomesoplenty:fir_planks":1,"minecraft:mossy_stone_bricks":1,"minecraft:yellow_bed":1,"minecraft:oak_sapling":4,"minecraft:stone_bricks":4,"minecraft:spider_eye":2,"minecraft:brown_carpet":4,"minecraft:spruce_log":3,"minecraft:bow":1,"minecraft:stone_pickaxe":1,"minecraft:wooden_pickaxe":2,"biomesoplenty:fir_log":4},"minecraft:crafted":{"minecraft:oak_planks":16,"aether:diamond_gloves":1,"minecraft:stone_hoe":1,"minecraft:smoker":1,"minecraft:cooked_porkchop":2,"minecraft:crafting_table":2,"minecraft:spruce_planks":316,"minecraft:wooden_pickaxe":1,"chipped:carpenters_table":1,"biomesoplenty:fir_planks":128,"minecraft:wooden_hoe":1,"minecraft:iron_chestplate":1,"minecraft:diamond_pickaxe":1,"minecraft:shield":1,"minecraft:stick":46,"quark:oak_chest":2,"minecraft:iron_ingot":93,"minecraft:iron_pickaxe":1,"minecraft:iron_block":3,"minecraft:stone_sword":1,"minecraft:gold_ingot":12,"biomesoplenty:fir_door":3,"minecraft:coal":18,"minecraft:furnace":1,"minecraft:diamond":9,"quark:acacia_chest":2,"minecraft:iron_axe":3,"minecraft:stone_pickaxe":1,"backpacked:backpack":1,"minecraft:wheat":360,"minecraft:cooked_beef":24,"minecraft:diamond_sword":1,"minecraft:iron_sword":1,"minecraft:bucket":1,"minecraft:stone_axe":1,"minecraft:bread":123,"minecraft:air":0,"minecraft:raw_gold":18,"minecraft:wooden_axe":2,"minecraft:iron_leggings":1,"minecraft:anvil":1,"minecraft:acacia_planks":20,"minecraft:torch":20},"minecraft:custom":{"minecraft:animals_bred":1,"minecraft:interact_with_crafting_table":42,"minecraft:open_barrel":34,"goblintraders:trade_with_goblin":14,"minecraft:eat_cake_slice":3,"minecraft:leave_game":2,"minecraft:time_since_death":200270,"minecraft:sprint_one_cm":687849,"minecraft:damage_blocked_by_shield":50,"minecraft:drop":88,"minecraft:talked_to_villager":5,"minecraft:play_time":200270,"minecraft:jump":3737,"minecraft:interact_with_brewingstand":6,"minecraft:walk_on_water_one_cm":10534,"minecraft:interact_with_furnace":20,"minecraft:sleep_in_bed":13,"minecraft:waystone_activated":8,"minecraft:damage_dealt":19626,"minecraft:crouch_one_cm":9194,"minecraft:interact_with_smoker":10,"minecraft:interact_with_smithing_table":1,"minecraft:mob_kills":90,"minecraft:interact_with_anvil":4,"minecraft:climb_one_cm":8450,"minecraft:walk_one_cm":418698,"minecraft:sneak_time":3360,"minecraft:walk_under_water_one_cm":4351,"minecraft:interact_with_blast_furnace":13,"minecraft:total_world_time":200270,"minecraft:time_since_rest":15193,"minecraft:damage_taken":3650,"twilightforest:life_charms_activated":1,"minecraft:swim_one_cm":11050,"minecraft:fly_one_cm":920653,"minecraft:open_chest":132,"minecraft:fall_one_cm":93917},"minecraft:killed":{"illagerinvasion:archivist":3,"minecraft:cave_spider":1,"minecraft:witch":2,"minecraft:spider":2,"illagerinvasion:basher":1,"alexsmobs:alligator_snapping_turtle":1,"minecraft:skeleton":19,"illagerinvasion:provoker":1,"illagerinvasion:alchemist":2,"minecraft:creeper":1,"minecraft:pillager":1,"minecraft:zombie":10,"minecraft:stray":2,"minecraft:cow":10,"minecraft:evoker":2,"minecraft:vex":1,"minecraft:vindicator":8,"illagerinvasion:marauder":5,"minecraft:husk":8},"minecraft:mined":{"minecraft:spruce_planks":17,"minecraft:brewing_stand":1,"minecraft:obsidian":5,"minecraft:coal_block":2,"minecraft:deepslate_bricks":5,"minecraft:frosted_ice":3,"minecraft:chiseled_stone_bricks":4,"minecraft:spawner":8,"minecraft:glowstone":1,"minecraft:iron_ore":55,"minecraft:pumpkin":3,"minecraft:anvil":1,"diagonalfences:minecraft/spruce_fence":1,"minecraft:dark_oak_stairs":1,"minecraft:iron_bars":2,"minecraft:deepslate_brick_stairs":1,"minecraft:player_head":4,"minecraft:brown_mushroom":1,"biomesoplenty:glowworm_silk":2,"minecraft:smoker":1,"minecraft:soul_fire":1,"delightful:pumpkin_pie":1,"minecraft:blast_furnace":9,"minecraft:cobblestone":1,"minecraft:cyan_bed":3,"minecraft:wall_torch":1,"minecraft:skeleton_skull":1,"minecraft:waxed_copper_block":1,"biomesoplenty:maple_leaves":1,"biomesoplenty:umbran_log":30,"biomesoplenty:fir_log":47,"minecraft:stone_brick_stairs":1,"minecraft:grass":4,"minecraft:oak_log":2,"delightful:mini_melon":1,"minecraft:waxed_oxidized_copper":1,"villagersplus:alchemist_table":1,"minecraft:red_mushroom_block":1,"minecraft:polished_deepslate_wall":1,"minecraft:oak_leaves":7,"minecraft:deepslate":2,"villagersplus:oceanographer_table":2,"minecraft:mossy_cobblestone":1,"minecraft:deepslate_diamond_ore":3,"minecraft:glow_lichen":1,"minecraft:ladder":2,"minecraft:jungle_planks":94,"minecraft:brown_mushroom_block":2,"chipped:reinforced_spruce_log":4,"minecraft:spruce_leaves":10,"minecraft:red_mushroom":1,"minecraft:waxed_weathered_copper":2,"minecraft:large_fern":5,"minecraft:hay_block":47,"minecraft:furnace":2,"chipped:fine_spruce_planks":9,"minecraft:raw_gold_block":2,"minecraft:acacia_wood":44,"minecraft:diamond_block":1,"minecraft:gold_block":1,"minecraft:polished_deepslate":1,"minecraft:bookshelf":30,"biomesoplenty:fir_door":1,"minecraft:deepslate_iron_ore":25,"minecraft:stone":51,"minecraft:oak_slab":4,"minecraft:infested_stone_bricks":2,"quark:oak_chest":1,"minecraft:brown_carpet":6,"minecraft:crafting_table":9,"biomesoplenty:fir_planks":50,"minecraft:lectern":1,"minecraft:tall_grass":2,"dragonmounts:dragon_egg":4,"minecraft:diorite":1,"supplementaries:urn":16,"minecraft:spruce_stairs":5,"everycomp:ch/biomesoplenty/stacked_fir_planks":12,"minecraft:ice":1,"minecraft:spruce_log":97,"minecraft:yellow_bed":4,"minecraft:coal_ore":34,"minecraft:zombie_head":1,"minecraft:cyan_carpet":1,"minecraft:cobweb":3,"minecraft:cracked_stone_bricks":2,"minecraft:stone_bricks":6,"minecraft:mossy_stone_bricks":1,"minecraft:fern":3},"minecraft:picked_up":{"minecraft:wooden_axe":1,"minecraft:seagrass":4,"minecraft:anvil":1,"minecraft:lead":1,"chipped:fine_spruce_planks":9,"minecraft:stone_brick_stairs":1,"minecraft:brewing_stand":1,"spawnersplus:spawner_fragment":8,"minecraft:polished_deepslate_wall":1,"minecraft:polished_deepslate":1,"minecraft:string":5,"minecraft:zombie_head":1,"minecraft:gold_nugget":35,"minecraft:cobbled_deepslate":2,"biomesoplenty:fir_planks":52,"minecraft:spruce_planks":66,"twigs:pebble":6,"everycomp:ch/biomesoplenty/stacked_fir_planks":12,"minecraft:coal_block":2,"minecraft:furnace":2,"minecraft:torch":17,"minecraft:spruce_stairs":5,"conjurer_illager:throwable_ball":5,"minecraft:diorite":1,"minecraft:brown_carpet":4,"minecraft:rotten_flesh":19,"supplementaries:antique_ink":2,"supplementaries:ash":20,"minecraft:deepslate_brick_stairs":1,"villagersplus:alchemist_table":1,"minecraft:obsidian":5,"minecraft:iron_bars":2,"minecraft:cobblestone":49,"minecraft:water_bucket":1,"minecraft:smoker":1,"biomesoplenty:fir_log":47,"biomesoplenty:fir_sapling":5,"minecraft:lantern":1,"minecraft:bone":26,"minecraft:bow":1,"delightful:mini_melon":1,"minecraft:wheat_seeds":1,"minecraft:dark_oak_sign":1,"minecraft:mossy_stone_bricks":1,"minecraft:glowstone_dust":3,"twigs:twig":19,"alexsmobs:blobfish":1,"minecraft:brain_coral":3,"minecraft:jungle_planks":94,"minecraft:diamond_block":1,"minecraft:cyan_bed":3,"minecraft:sugar":3,"minecraft:diamond":3,"minecraft:soul_lantern":1,"dragonmounts:dragon_egg":6,"minecraft:golden_apple":1,"minecraft:emerald":12,"minecraft:oak_sapling":4,"minecraft:crafting_table":9,"minecraft:ladder":2,"minecraft:brown_mushroom":3,"friendsandfoes:totem_of_illusion":1,"minecraft:wooden_pickaxe":1,"minecraft:gold_block":1,"biomesoplenty:fir_door":1,"minecraft:iron_axe":1,"minecraft:cyan_carpet":13,"minecraft:cracked_stone_bricks":2,"minecraft:beef":24,"minecraft:player_head":4,"minecraft:iron_nugget":6,"minecraft:poppy":2,"minecraft:lectern":1,"minecraft:waxed_oxidized_copper":1,"minecraft:raw_iron":79,"minecraft:raw_gold_block":2,"chipped:reinforced_spruce_log":4,"minecraft:spruce_fence":1,"minecraft:carrot":4,"minecraft:redstone":2,"minecraft:arrow":29,"minecraft:tube_coral":3,"biomesoplenty:umbran_sapling":2,"minecraft:deepslate_bricks":1,"minecraft:hay_block":47,"minecraft:totem_of_undying":2,"minecraft:skeleton_skull":1,"minecraft:leather":11,"minecraft:red_mushroom":2,"minecraft:acacia_wood":43,"minecraft:oak_log":2,"minecraft:yellow_bed":5,"minecraft:gunpowder":3,"minecraft:wooden_hoe":1,"minecraft:paper":4,"minecraft:stone_bricks":6,"minecraft:glass_bottle":4,"biomesoplenty:umbran_log":25,"minecraft:book":92,"minecraft:tropical_fish_bucket":2,"minecraft:oak_slab":5,"minecraft:chiseled_stone_bricks":4,"waystones:mossy_waystone":4,"minecraft:spruce_sapling":17,"minecraft:blast_furnace":9,"minecraft:spruce_log":98,"illagerinvasion:illusionary_dust":2,"quark:oak_chest":1,"minecraft:spider_eye":2,"villagersplus:oceanographer_table":2,"minecraft:pumpkin_seeds":3,"minecraft:coal":42}},"DataVersion":3465}