{"stats":{"minecraft:broken":{"minecraft:stone_axe":2,"minecraft:wooden_axe":1},"minecraft:used":{"minecraft:beetroot":3,"minecraft:stone_sword":117,"minecraft:stone_shovel":51,"minecraft:poppy":1,"minecraft:chest":1,"minecraft:spruce_planks":11,"minecraft:shield":9,"minecraft:iron_sword":148,"quark:spruce_bookshelf":4,"minecraft:rotten_flesh":2,"minecraft:cooked_chicken":2,"minecraft:torch":12,"minecraft:dirt":46,"villagersplus:oceanographer_table":1,"minecraft:spruce_fence":9,"minecraft:snowball":21,"minecraft:wooden_axe":58,"quark:spruce_chest":2,"minecraft:lantern":1,"minecraft:totem_of_undying":2,"minecraft:item_frame":1,"delightful:green_tea_leaf":3,"minecraft:birch_trapdoor":1,"minecraft:sweet_berries":30,"minecraft:furnace":3,"minecraft:cooked_beef":17,"farmersdelight:fried_egg":3,"minecraft:calcite":6,"minecraft:diorite":2,"minecraft:spruce_door":2,"minecraft:stone_pickaxe":82,"chipped:spruce_planks_shavings":3,"minecraft:wooden_pickaxe":12,"minecraft:golden_apple":2,"minecraft:oak_slab":4,"minecraft:crafting_table":11,"minecraft:blast_furnace":3,"minecraft:mushroom_stew":1,"minecraft:black_banner":1,"illagerinvasion:lost_candle":1,"minecraft:spruce_log":25,"minecraft:cake":1,"minecraft:smoker":4,"waystones:waystone":6,"minecraft:wooden_hoe":12,"conjurer_illager:throwable_ball":10,"minecraft:tnt_minecart":1,"minecraft:cyan_bed":3,"minecraft:bread":50,"minecraft:iron_pickaxe":83,"minecraft:lectern":1,"minecraft:stone_axe":314,"minecraft:cobblestone":2,"chipped:natural_spruce_planks":52,"minecraft:white_banner":1,"minecraft:cooked_porkchop":1,"minecraft:dark_oak_fence":1,"minecraft:chest_minecart":1,"minecraft:andesite":1,"minecraft:yellow_bed":4,"chipped:carpenters_table":3,"twigs:pebble":2},"minecraft:dropped":{"chipped:spruce_planks_shavings":3,"minecraft:bread":6,"minecraft:stripped_mangrove_wood":3,"minecraft:wheat_seeds":1,"illagerinvasion:lost_candle":1,"minecraft:minecart":1,"dragonmounts:dragon_egg":1,"minecraft:feather":4,"minecraft:cobblestone":2,"minecraft:apple":5,"minecraft:red_mushroom":2,"biomesoplenty:fir_sapling":2,"minecraft:wooden_hoe":1,"minecraft:potion":1,"minecraft:spruce_sapling":61,"minecraft:bone":2,"minecraft:furnace":1,"minecraft:stone_axe":1,"minecraft:iron_nugget":7,"minecraft:raw_copper":2,"minecraft:black_carpet":2,"minecraft:beetroot":3,"alexsmobs:blobfish":1,"minecraft:rotten_flesh":3,"minecraft:enchanted_golden_apple":1,"minecraft:glowstone_dust":3,"conjurer_illager:throwable_ball":1,"quark:shale":1,"minecraft:poppy":4,"biomesoplenty:fir_planks":1,"minecraft:spruce_planks":104,"minecraft:mossy_stone_bricks":2,"minecraft:melon_seeds":4,"alexsmobs:moose_ribs":1,"minecraft:spider_eye":3,"minecraft:wooden_pickaxe":1},"minecraft:crafted":{"minecraft:stone_shovel":1,"minecraft:cooked_chicken":2,"minecraft:furnace":3,"minecraft:spruce_fence":15,"minecraft:stone_pickaxe":1,"backpacked:backpack":1,"quark:spruce_chest":1,"minecraft:smoker":1,"minecraft:wheat":99,"minecraft:cooked_beef":17,"minecraft:cooked_porkchop":1,"minecraft:crafting_table":5,"minecraft:spruce_planks":332,"minecraft:wooden_pickaxe":1,"minecraft:spruce_door":3,"chipped:carpenters_table":1,"minecraft:stone_axe":3,"minecraft:bread":33,"minecraft:air":0,"farmersdelight:fried_egg":3,"quark:spruce_bookshelf":4,"minecraft:charcoal":24,"minecraft:shield":2,"minecraft:stick":88,"minecraft:iron_ingot":33,"minecraft:wooden_axe":2,"minecraft:stone_sword":1,"minecraft:torch":20},"minecraft:custom":{"minecraft:interact_with_anvil":1,"minecraft:mob_kills":75,"minecraft:animals_bred":1,"minecraft:interact_with_crafting_table":30,"minecraft:open_barrel":11,"goblintraders:trade_with_goblin":16,"minecraft:eat_cake_slice":8,"minecraft:leave_game":2,"minecraft:time_since_death":16084,"minecraft:climb_one_cm":2622,"minecraft:sprint_one_cm":880162,"minecraft:walk_one_cm":372294,"minecraft:damage_blocked_by_shield":310,"minecraft:drop":49,"minecraft:play_noteblock":11,"minecraft:talked_to_villager":3,"minecraft:play_time":238257,"minecraft:deaths":4,"minecraft:sneak_time":8083,"minecraft:walk_under_water_one_cm":4630,"minecraft:boat_one_cm":60187,"minecraft:jump":3631,"minecraft:interact_with_blast_furnace":1,"minecraft:walk_on_water_one_cm":8577,"minecraft:total_world_time":238257,"minecraft:interact_with_furnace":19,"minecraft:tune_noteblock":7,"minecraft:sleep_in_bed":8,"minecraft:time_since_rest":16118,"minecraft:waystone_activated":9,"minecraft:damage_taken":5864,"minecraft:damage_absorbed":88,"minecraft:damage_dealt":16435,"twilightforest:life_charms_activated":1,"minecraft:swim_one_cm":17234,"minecraft:fly_one_cm":1012816,"minecraft:player_kills":5,"minecraft:open_chest":93,"minecraft:crouch_one_cm":25849,"minecraft:interact_with_smoker":24,"minecraft:fall_one_cm":94407},"minecraft:killed":{"illagerinvasion:archivist":3,"minecraft:evoker":2,"minecraft:cave_spider":2,"minecraft:spider":6,"minecraft:vindicator":5,"illagerinvasion:marauder":1,"alexsmobs:snow_leopard":1,"illagerinvasion:basher":3,"minecraft:skeleton":8,"friendsandfoes:glare":1,"minecraft:chicken":3,"illagerinvasion:provoker":5,"alexsmobs:underminer":1,"minecraft:illusioner":1,"minecraft:pig":2,"minecraft:iron_golem":3,"minecraft:creeper":2,"minecraft:pillager":3,"minecraft:zombie":12,"minecraft:player":5,"minecraft:enderman":1,"minecraft:cow":9},"minecraft:mined":{"chipped:natural_spruce_planks":1,"minecraft:spruce_planks":14,"quark:shale":4,"minecraft:cherry_log":10,"minecraft:dark_oak_fence":2,"minecraft:grass_block":10,"minecraft:jungle_planks":1,"minecraft:red_mushroom":1,"minecraft:spruce_leaves":22,"minecraft:large_fern":3,"minecraft:hay_block":11,"minecraft:glowstone":1,"minecraft:furnace":3,"minecraft:iron_ore":17,"minecraft:snow":2,"minecraft:gold_block":1,"minecraft:bookshelf":23,"minecraft:deepslate_iron_ore":3,"minecraft:spruce_wood":5,"minecraft:stripped_mangrove_wood":6,"minecraft:stone":53,"twigs:opaline_seashell":1,"supplementaries:book_pile_horizontal":1,"minecraft:oak_slab":3,"minecraft:smoker":3,"minecraft:crafting_table":9,"minecraft:torch":1,"delightful:pumpkin_pie":4,"minecraft:blast_furnace":2,"minecraft:calcite":31,"minecraft:chest":1,"chipped:carpenters_table":2,"minecraft:lectern":1,"minecraft:mushroom_stem":2,"minecraft:copper_ore":1,"minecraft:wall_torch":1,"minecraft:cyan_bed":3,"minecraft:lapis_ore":2,"minecraft:grindstone":1,"minecraft:oak_planks":1,"minecraft:diorite":3,"minecraft:birch_trapdoor":1,"minecraft:sweet_berry_bush":7,"minecraft:black_wall_banner":1,"minecraft:spruce_log":185,"minecraft:copper_block":4,"biomesoplenty:fir_log":12,"minecraft:white_wall_banner":1,"minecraft:yellow_bed":3,"chipped:spruce_planks_shavings":3,"minecraft:grass":2,"minecraft:coal_ore":24,"quark:spruce_chest":1,"minecraft:dirt":38,"minecraft:cobweb":19,"minecraft:red_mushroom_block":1,"minecraft:stone_bricks":3,"minecraft:stonecutter":1,"minecraft:mossy_stone_bricks":2,"minecraft:deepslate":1,"minecraft:fern":1,"villagersplus:oceanographer_table":1},"minecraft:killed_by":{"minecraft:creeper":1,"minecraft:vindicator":2},"minecraft:picked_up":{"minecraft:crafting_table":9,"minecraft:black_carpet":2,"chipped:natural_spruce_planks":1,"minecraft:chicken":2,"minecraft:chest_minecart":1,"minecraft:brown_mushroom":11,"minecraft:gold_block":1,"minecraft:potion":1,"minecraft:string":29,"minecraft:raw_copper":2,"minecraft:item_frame":1,"twigs:opaline_seashell":2,"quark:spruce_chest":1,"minecraft:tnt_minecart":1,"minecraft:cobbled_deepslate":2,"biomesoplenty:fir_planks":1,"twigs:pebble":22,"minecraft:spruce_planks":71,"minecraft:beef":21,"minecraft:calcite":54,"chipped:spruce_planks_shavings":3,"minecraft:iron_nugget":16,"minecraft:poppy":5,"minecraft:lectern":1,"minecraft:enchanted_golden_apple":2,"minecraft:minecart":1,"delightful:green_tea_leaf":3,"minecraft:chest":1,"farmersdelight:cabbage_seeds":4,"minecraft:furnace":3,"minecraft:egg":3,"minecraft:raw_iron":19,"minecraft:stripped_mangrove_wood":12,"minecraft:birch_trapdoor":1,"minecraft:torch":3,"minecraft:spruce_fence":1,"conjurer_illager:throwable_ball":10,"minecraft:porkchop":3,"farmersdelight:tomato_seeds":9,"minecraft:cherry_log":10,"minecraft:diorite":4,"alexsmobs:crocodile_scute":1,"minecraft:arrow":17,"minecraft:rotten_flesh":5,"minecraft:pumpkin_pie":12,"minecraft:hay_block":11,"minecraft:glistering_melon_slice":7,"minecraft:totem_of_undying":2,"minecraft:black_banner":1,"minecraft:rail":12,"minecraft:glow_berries":6,"minecraft:cobblestone":56,"minecraft:snowball":50,"minecraft:feather":2,"minecraft:andesite":1,"minecraft:leather":6,"minecraft:golden_leggings":1,"minecraft:red_mushroom":17,"minecraft:smoker":3,"biomesoplenty:fir_sapling":2,"biomesoplenty:fir_log":12,"minecraft:flint":1,"minecraft:oak_log":3,"minecraft:yellow_bed":4,"minecraft:gunpowder":2,"minecraft:map":1,"minecraft:lantern":1,"minecraft:wooden_hoe":1,"minecraft:lapis_lazuli":24,"minecraft:dirt":123,"minecraft:paper":4,"minecraft:white_banner":2,"biomesoplenty:snowblossom_sapling":4,"minecraft:bone":7,"minecraft:stone_bricks":2,"minecraft:stonecutter":1,"minecraft:bow":1,"minecraft:wheat_seeds":2,"minecraft:mossy_stone_bricks":2,"minecraft:grindstone":1,"minecraft:iron_ingot":11,"minecraft:powered_rail":3,"minecraft:glowstone_dust":3,"alexsmobs:blobfish":2,"twigs:twig":28,"minecraft:iron_sword":2,"minecraft:book":72,"minecraft:oak_slab":4,"minecraft:sweet_berries":27,"quark:shale":1,"minecraft:gravel":25,"minecraft:jungle_planks":1,"minecraft:spruce_sapling":67,"minecraft:blast_furnace":3,"minecraft:cyan_bed":3,"minecraft:spruce_log":186,"villagersplus:oceanographer_table":1,"minecraft:spider_eye":7,"minecraft:pumpkin_seeds":2,"chipped:carpenters_table":2,"dragonmounts:dragon_egg":1,"minecraft:stone_axe":1,"waystones:waystone":7,"minecraft:iron_helmet":1,"minecraft:golden_apple":1,"alexsmobs:moose_ribs":7,"minecraft:bread":6,"minecraft:emerald":15,"minecraft:dark_oak_fence":1,"minecraft:coal":24,"minecraft:ender_pearl":1}},"DataVersion":3465}