{"stats":{"minecraft:broken":{"minecraft:stone_axe":1,"minecraft:wooden_axe":1},"minecraft:used":{"minecraft:diorite":2,"minecraft:stone_sword":52,"minecraft:stone_shovel":37,"minecraft:stone_pickaxe":36,"minecraft:wooden_pickaxe":12,"minecraft:cooked_chicken":2,"minecraft:rotten_flesh":2,"minecraft:torch":1,"minecraft:dirt":16,"minecraft:crafting_table":5,"minecraft:snowball":18,"minecraft:smoker":2,"minecraft:wooden_axe":58,"delightful:green_tea_leaf":3,"minecraft:stone_axe":131,"minecraft:cobblestone":1,"minecraft:sweet_berries":30,"minecraft:furnace":3,"minecraft:cooked_porkchop":1,"minecraft:cooked_beef":3,"farmersdelight:fried_egg":3},"minecraft:dropped":{"minecraft:stone_axe":1,"minecraft:rotten_flesh":2,"biomesoplenty:fir_sapling":1,"minecraft:spider_eye":2,"minecraft:wooden_pickaxe":1,"minecraft:bone":2,"minecraft:spruce_sapling":21},"minecraft:crafted":{"minecraft:cooked_beef":3,"minecraft:stone_shovel":1,"minecraft:cooked_porkchop":1,"minecraft:crafting_table":2,"minecraft:spruce_planks":16,"minecraft:wooden_pickaxe":1,"minecraft:cooked_chicken":2,"minecraft:furnace":3,"minecraft:stone_axe":1,"minecraft:air":0,"farmersdelight:fried_egg":3,"minecraft:charcoal":24,"minecraft:stick":28,"minecraft:stone_pickaxe":1,"minecraft:wooden_axe":1,"minecraft:stone_sword":1,"minecraft:torch":4,"minecraft:smoker":1},"minecraft:killed":{"minecraft:pig":2,"minecraft:spider":4,"minecraft:creeper":1,"minecraft:skeleton":3,"friendsandfoes:glare":1,"minecraft:zombie":5,"minecraft:chicken":3,"minecraft:player":5,"minecraft:cow":1},"minecraft:custom":{"minecraft:interact_with_furnace":10,"minecraft:mob_kills":20,"minecraft:interact_with_crafting_table":15,"minecraft:leave_game":2,"minecraft:time_since_death":76257,"minecraft:time_since_rest":76257,"minecraft:sprint_one_cm":175891,"minecraft:damage_taken":814,"minecraft:walk_one_cm":97551,"minecraft:drop":9,"minecraft:damage_dealt":4072,"minecraft:swim_one_cm":12167,"minecraft:fly_one_cm":152828,"minecraft:player_kills":5,"minecraft:crouch_one_cm":5191,"minecraft:play_time":76257,"minecraft:sneak_time":1915,"minecraft:walk_under_water_one_cm":2336,"minecraft:jump":668,"minecraft:walk_on_water_one_cm":1669,"minecraft:total_world_time":76257,"minecraft:interact_with_smoker":18,"minecraft:fall_one_cm":14453},"minecraft:mined":{"minecraft:smoker":2,"minecraft:crafting_table":5,"minecraft:torch":1,"minecraft:grass_block":7,"minecraft:spruce_leaves":22,"minecraft:diorite":2,"minecraft:large_fern":3,"minecraft:furnace":2,"minecraft:sweet_berry_bush":7,"minecraft:snow":2,"minecraft:spruce_log":136,"minecraft:dirt":28,"minecraft:stone":41,"minecraft:fern":1},"minecraft:picked_up":{"minecraft:crafting_table":5,"minecraft:feather":2,"minecraft:chicken":2,"minecraft:smoker":2,"biomesoplenty:fir_sapling":1,"minecraft:string":5,"minecraft:wooden_hoe":1,"minecraft:dirt":49,"minecraft:bone":3,"minecraft:bow":1,"minecraft:beef":3,"twigs:twig":12,"delightful:green_tea_leaf":3,"minecraft:egg":3,"minecraft:furnace":2,"minecraft:sweet_berries":27,"minecraft:torch":1,"minecraft:porkchop":3,"minecraft:spruce_sapling":57,"minecraft:diorite":2,"minecraft:spruce_log":134,"minecraft:spider_eye":2,"minecraft:arrow":6,"minecraft:rotten_flesh":4,"minecraft:stone_axe":1,"minecraft:snowball":18,"minecraft:cobblestone":41}},"DataVersion":3465}