{"stats":{"minecraft:broken":{"minecraft:wooden_axe":1},"minecraft:used":{"minecraft:diorite":2,"minecraft:stone_sword":43,"minecraft:stone_shovel":30,"minecraft:stone_pickaxe":34,"minecraft:wooden_pickaxe":12,"minecraft:cooked_chicken":2,"minecraft:rotten_flesh":2,"minecraft:dirt":8,"minecraft:crafting_table":5,"minecraft:snowball":17,"minecraft:smoker":1,"minecraft:wooden_axe":58,"minecraft:stone_axe":122,"minecraft:cobblestone":1,"minecraft:sweet_berries":30,"minecraft:furnace":3,"minecraft:cooked_beef":3},"minecraft:dropped":{"minecraft:stone_axe":1,"minecraft:rotten_flesh":2,"minecraft:wooden_pickaxe":1,"minecraft:spruce_sapling":21},"minecraft:crafted":{"minecraft:cooked_beef":3,"minecraft:stone_shovel":1,"minecraft:crafting_table":2,"minecraft:spruce_planks":16,"minecraft:wooden_pickaxe":1,"minecraft:cooked_chicken":2,"minecraft:furnace":3,"minecraft:stone_axe":1,"minecraft:air":0,"minecraft:charcoal":24,"minecraft:stick":14,"minecraft:stone_pickaxe":1,"minecraft:wooden_axe":1,"minecraft:stone_sword":1,"minecraft:smoker":1},"minecraft:killed":{"minecraft:spider":4,"minecraft:creeper":1,"minecraft:skeleton":2,"minecraft:zombie":5,"minecraft:chicken":3,"minecraft:player":5,"minecraft:cow":1},"minecraft:custom":{"minecraft:interact_with_furnace":10,"minecraft:mob_kills":16,"minecraft:interact_with_crafting_table":15,"minecraft:leave_game":2,"minecraft:time_since_death":64257,"minecraft:time_since_rest":64257,"minecraft:sprint_one_cm":144230,"minecraft:damage_taken":694,"minecraft:walk_one_cm":75571,"minecraft:drop":5,"minecraft:damage_dealt":3397,"minecraft:swim_one_cm":12167,"minecraft:fly_one_cm":119599,"minecraft:player_kills":5,"minecraft:crouch_one_cm":4222,"minecraft:play_time":64257,"minecraft:sneak_time":1548,"minecraft:walk_under_water_one_cm":2336,"minecraft:jump":526,"minecraft:walk_on_water_one_cm":1669,"minecraft:total_world_time":64257,"minecraft:interact_with_smoker":6,"minecraft:fall_one_cm":10260},"minecraft:mined":{"minecraft:smoker":1,"minecraft:crafting_table":4,"minecraft:grass_block":4,"minecraft:spruce_leaves":12,"minecraft:diorite":2,"minecraft:large_fern":3,"minecraft:furnace":2,"minecraft:sweet_berry_bush":7,"minecraft:snow":1,"minecraft:spruce_log":130,"minecraft:dirt":25,"minecraft:stone":41,"minecraft:fern":1},"minecraft:picked_up":{"minecraft:crafting_table":4,"minecraft:feather":2,"minecraft:chicken":2,"minecraft:smoker":1,"minecraft:string":3,"minecraft:wooden_hoe":1,"minecraft:dirt":45,"minecraft:bone":1,"minecraft:bow":1,"minecraft:beef":3,"twigs:twig":12,"delightful:green_tea_leaf":3,"minecraft:egg":3,"minecraft:furnace":2,"minecraft:sweet_berries":27,"minecraft:spruce_sapling":57,"minecraft:diorite":2,"minecraft:spruce_log":128,"minecraft:spider_eye":1,"minecraft:arrow":4,"minecraft:rotten_flesh":4,"minecraft:stone_axe":1,"minecraft:snowball":17,"minecraft:cobblestone":41}},"DataVersion":3465}