{"stats":{"minecraft:broken":{"minecraft:stone_axe":1,"minecraft:wooden_axe":1},"minecraft:used":{"minecraft:diorite":2,"minecraft:stone_sword":52,"minecraft:stone_shovel":45,"minecraft:stone_pickaxe":66,"minecraft:wooden_pickaxe":12,"minecraft:cooked_chicken":2,"minecraft:rotten_flesh":2,"minecraft:torch":2,"minecraft:dirt":28,"minecraft:crafting_table":7,"minecraft:snowball":18,"minecraft:smoker":2,"minecraft:wooden_axe":58,"minecraft:wooden_hoe":11,"minecraft:bread":5,"delightful:green_tea_leaf":3,"minecraft:stone_axe":150,"minecraft:cobblestone":1,"minecraft:sweet_berries":30,"minecraft:furnace":3,"minecraft:cooked_porkchop":1,"minecraft:cooked_beef":3,"farmersdelight:fried_egg":3},"minecraft:dropped":{"minecraft:stone_axe":1,"minecraft:rotten_flesh":2,"biomesoplenty:fir_sapling":1,"alexsmobs:moose_ribs":1,"minecraft:spider_eye":2,"minecraft:wooden_pickaxe":1,"minecraft:bone":2,"minecraft:spruce_sapling":21},"minecraft:crafted":{"minecraft:cooked_beef":3,"minecraft:stone_shovel":1,"minecraft:cooked_porkchop":1,"minecraft:crafting_table":2,"minecraft:spruce_planks":20,"minecraft:wooden_pickaxe":1,"minecraft:cooked_chicken":2,"minecraft:furnace":3,"minecraft:stone_axe":2,"minecraft:bread":33,"minecraft:air":0,"farmersdelight:fried_egg":3,"minecraft:charcoal":24,"minecraft:stick":36,"minecraft:stone_pickaxe":1,"minecraft:wooden_axe":1,"minecraft:stone_sword":1,"minecraft:torch":4,"minecraft:wheat":99,"minecraft:smoker":1},"minecraft:killed":{"minecraft:pig":2,"minecraft:spider":4,"minecraft:creeper":1,"minecraft:skeleton":3,"friendsandfoes:glare":1,"minecraft:zombie":5,"minecraft:chicken":3,"minecraft:player":5,"minecraft:cow":1},"minecraft:custom":{"minecraft:interact_with_furnace":10,"minecraft:mob_kills":20,"minecraft:interact_with_crafting_table":17,"minecraft:leave_game":2,"minecraft:time_since_death":88257,"minecraft:sleep_in_bed":1,"minecraft:time_since_rest":0,"minecraft:waystone_activated":2,"minecraft:sprint_one_cm":222335,"minecraft:damage_taken":974,"minecraft:walk_one_cm":116144,"minecraft:drop":10,"minecraft:damage_dealt":4342,"minecraft:swim_one_cm":12167,"minecraft:talked_to_villager":1,"minecraft:fly_one_cm":199770,"minecraft:player_kills":5,"minecraft:open_chest":3,"minecraft:crouch_one_cm":9774,"minecraft:play_time":88257,"minecraft:sneak_time":3265,"minecraft:walk_under_water_one_cm":2626,"minecraft:jump":874,"minecraft:walk_on_water_one_cm":1876,"minecraft:total_world_time":88257,"minecraft:interact_with_smoker":18,"minecraft:fall_one_cm":21890},"minecraft:mined":{"minecraft:smoker":2,"minecraft:crafting_table":7,"minecraft:torch":1,"minecraft:grass_block":10,"minecraft:chest":1,"minecraft:copper_ore":1,"minecraft:spruce_leaves":22,"minecraft:diorite":2,"minecraft:large_fern":3,"minecraft:hay_block":11,"minecraft:furnace":2,"minecraft:sweet_berry_bush":7,"minecraft:snow":2,"minecraft:spruce_log":136,"biomesoplenty:fir_log":12,"minecraft:coal_ore":24,"minecraft:dirt":33,"minecraft:stone":46,"minecraft:fern":1},"minecraft:picked_up":{"minecraft:crafting_table":7,"minecraft:feather":2,"minecraft:chicken":2,"minecraft:smoker":2,"biomesoplenty:fir_log":12,"biomesoplenty:fir_sapling":2,"minecraft:string":5,"minecraft:wooden_hoe":1,"minecraft:dirt":57,"minecraft:raw_copper":2,"minecraft:bone":3,"minecraft:bow":1,"minecraft:beef":3,"minecraft:chest":1,"twigs:twig":14,"delightful:green_tea_leaf":3,"minecraft:egg":3,"minecraft:furnace":2,"minecraft:sweet_berries":27,"minecraft:torch":1,"minecraft:porkchop":3,"minecraft:spruce_sapling":57,"minecraft:diorite":2,"minecraft:spruce_log":134,"minecraft:spider_eye":2,"minecraft:arrow":6,"minecraft:rotten_flesh":4,"minecraft:stone_axe":1,"minecraft:hay_block":11,"alexsmobs:moose_ribs":1,"minecraft:bread":3,"minecraft:coal":24,"minecraft:snowball":18,"minecraft:cobblestone":45}},"DataVersion":3465}