{"stats":{"minecraft:broken":{"minecraft:stone_axe":3,"minecraft:wooden_axe":1},"minecraft:used":{"minecraft:beetroot":3,"minecraft:poppy":1,"minecraft:chest":1,"minecraft:shield":9,"minecraft:iron_sword":154,"comforts:hammock_white":1,"minecraft:rotten_flesh":2,"minecraft:snowball":21,"minecraft:lantern":1,"minecraft:item_frame":1,"delightful:green_tea_leaf":3,"minecraft:birch_trapdoor":1,"minecraft:sweet_berries":30,"minecraft:furnace":4,"minecraft:diorite":2,"minecraft:spruce_door":2,"minecraft:stone_pickaxe":82,"minecraft:wooden_pickaxe":12,"minecraft:golden_apple":2,"minecraft:mushroom_stew":1,"minecraft:black_banner":1,"minecraft:blast_furnace":3,"illagerinvasion:lost_candle":1,"waystones:waystone":6,"conjurer_illager:throwable_ball":10,"minecraft:bread":51,"minecraft:cyan_bed":5,"minecraft:lectern":1,"minecraft:dark_oak_fence":1,"minecraft:andesite":1,"minecraft:chest_minecart":1,"chipped:carpenters_table":3,"minecraft:stone_sword":117,"minecraft:stone_shovel":51,"minecraft:spruce_planks":11,"minecraft:cooked_chicken":2,"quark:spruce_bookshelf":4,"minecraft:torch":14,"minecraft:dirt":46,"villagersplus:oceanographer_table":1,"minecraft:spruce_fence":9,"minecraft:wooden_axe":58,"quark:spruce_chest":5,"minecraft:iron_axe":7,"minecraft:totem_of_undying":2,"minecraft:cooked_beef":22,"farmersdelight:fried_egg":3,"minecraft:calcite":6,"minecraft:water_bucket":2,"chipped:spruce_planks_shavings":3,"minecraft:crafting_table":11,"minecraft:oak_slab":4,"minecraft:smoker":4,"minecraft:cake":1,"minecraft:spruce_log":25,"minecraft:wooden_hoe":12,"betterend:iron_hammer":8,"minecraft:iron_pickaxe":117,"minecraft:tnt_minecart":1,"minecraft:stone_axe":368,"comforts:rope_and_nail":4,"minecraft:cobblestone":2,"chipped:natural_spruce_planks":52,"minecraft:white_banner":1,"minecraft:cooked_porkchop":1,"minecraft:bucket":3,"minecraft:yellow_bed":4,"twigs:pebble":28},"minecraft:dropped":{"chipped:spruce_planks_shavings":3,"minecraft:stripped_mangrove_wood":3,"biomesoplenty:fir_sapling":2,"minecraft:red_mushroom":2,"minecraft:bone":2,"minecraft:stone_axe":1,"minecraft:iron_nugget":7,"minecraft:black_carpet":2,"minecraft:beetroot":3,"minecraft:rotten_flesh":3,"minecraft:enchanted_golden_apple":1,"minecraft:glowstone_dust":3,"quark:shale":1,"minecraft:poppy":4,"minecraft:melon_seeds":4,"alexsmobs:moose_ribs":1,"minecraft:bread":6,"minecraft:wheat_seeds":1,"illagerinvasion:lost_candle":1,"minecraft:minecart":1,"minecraft:cobblestone":2,"minecraft:feather":4,"dragonmounts:dragon_egg":1,"minecraft:apple":5,"minecraft:spruce_door":2,"minecraft:wooden_hoe":1,"minecraft:potion":1,"minecraft:spruce_sapling":61,"minecraft:furnace":1,"minecraft:raw_copper":2,"alexsmobs:blobfish":1,"conjurer_illager:throwable_ball":1,"biomesoplenty:fir_planks":1,"minecraft:spruce_planks":104,"minecraft:mossy_stone_bricks":2,"minecraft:spider_eye":3,"minecraft:wooden_pickaxe":1},"minecraft:crafted":{"aether:iron_ring":1,"minecraft:cooked_chicken":2,"comforts:hammock_white":1,"minecraft:iron_boots":1,"minecraft:smoker":1,"minecraft:cooked_porkchop":1,"minecraft:crafting_table":5,"minecraft:spruce_planks":332,"minecraft:wooden_pickaxe":1,"minecraft:spruce_door":3,"chipped:carpenters_table":1,"farmersdelight:fried_egg":3,"minecraft:charcoal":24,"minecraft:shield":2,"minecraft:stick":100,"comforts:rope_and_nail":2,"minecraft:iron_ingot":33,"minecraft:stone_sword":1,"minecraft:stone_shovel":1,"minecraft:furnace":4,"minecraft:spruce_fence":15,"minecraft:iron_axe":1,"minecraft:stone_pickaxe":1,"backpacked:backpack":1,"quark:spruce_chest":2,"minecraft:wheat":99,"minecraft:cooked_beef":17,"minecraft:bucket":1,"minecraft:stone_axe":3,"minecraft:bread":33,"minecraft:air":0,"quark:spruce_bookshelf":4,"betterend:iron_hammer":1,"minecraft:wooden_axe":2,"minecraft:torch":36},"minecraft:custom":{"minecraft:animals_bred":1,"minecraft:interact_with_crafting_table":40,"minecraft:open_barrel":11,"goblintraders:trade_with_goblin":16,"minecraft:eat_cake_slice":8,"minecraft:leave_game":2,"minecraft:time_since_death":40084,"minecraft:sprint_one_cm":968277,"minecraft:damage_blocked_by_shield":310,"minecraft:drop":50,"minecraft:play_noteblock":11,"minecraft:talked_to_villager":4,"minecraft:play_time":262257,"minecraft:deaths":4,"minecraft:jump":3876,"minecraft:walk_on_water_one_cm":9122,"minecraft:interact_with_furnace":20,"minecraft:sleep_in_bed":11,"minecraft:waystone_activated":9,"minecraft:damage_dealt":16838,"minecraft:player_kills":5,"minecraft:crouch_one_cm":32012,"minecraft:interact_with_smoker":24,"minecraft:mob_kills":76,"minecraft:interact_with_anvil":1,"minecraft:climb_one_cm":2622,"minecraft:walk_one_cm":405645,"minecraft:sneak_time":9817,"minecraft:walk_under_water_one_cm":6252,"minecraft:boat_one_cm":60187,"minecraft:interact_with_blast_furnace":5,"minecraft:total_world_time":262257,"minecraft:tune_noteblock":7,"minecraft:time_since_rest":61,"minecraft:damage_taken":6245,"minecraft:damage_absorbed":88,"twilightforest:life_charms_activated":1,"minecraft:swim_one_cm":17790,"minecraft:fly_one_cm":1068319,"minecraft:open_chest":118,"minecraft:fall_one_cm":102071},"minecraft:killed":{"illagerinvasion:archivist":3,"minecraft:cave_spider":2,"minecraft:spider":6,"alexsmobs:snow_leopard":1,"illagerinvasion:basher":3,"minecraft:skeleton":8,"friendsandfoes:glare":1,"minecraft:chicken":3,"illagerinvasion:provoker":5,"minecraft:illusioner":1,"minecraft:pig":2,"minecraft:iron_golem":3,"minecraft:creeper":2,"minecraft:pillager":3,"minecraft:zombie":12,"minecraft:cow":9,"minecraft:evoker":2,"minecraft:vindicator":5,"illagerinvasion:marauder":1,"alexsmobs:underminer":1,"minecraft:player":5,"minecraft:enderman":2},"minecraft:mined":{"minecraft:spruce_planks":14,"comforts:rope_and_nail":2,"minecraft:cherry_log":10,"minecraft:grass_block":10,"minecraft:glowstone":1,"minecraft:iron_ore":18,"minecraft:spruce_wood":5,"minecraft:stripped_mangrove_wood":6,"minecraft:smoker":3,"minecraft:torch":1,"delightful:pumpkin_pie":5,"minecraft:blast_furnace":2,"minecraft:calcite":31,"minecraft:chest":1,"minecraft:mushroom_stem":2,"minecraft:cyan_bed":5,"minecraft:grindstone":1,"minecraft:oak_planks":1,"minecraft:wall_torch":1,"minecraft:birch_trapdoor":1,"biomesoplenty:fir_log":12,"minecraft:copper_block":4,"minecraft:grass":2,"minecraft:dirt":38,"minecraft:red_mushroom_block":1,"minecraft:stonecutter":1,"minecraft:deepslate":1,"villagersplus:oceanographer_table":1,"chipped:natural_spruce_planks":37,"quark:shale":4,"minecraft:dark_oak_fence":2,"minecraft:jungle_planks":1,"minecraft:spruce_leaves":22,"minecraft:red_mushroom":1,"minecraft:large_fern":3,"minecraft:hay_block":11,"minecraft:furnace":3,"minecraft:snow":2,"minecraft:gold_block":1,"minecraft:bookshelf":23,"minecraft:deepslate_iron_ore":3,"minecraft:stone":71,"twigs:opaline_seashell":1,"supplementaries:book_pile_horizontal":1,"minecraft:oak_slab":3,"minecraft:spruce_door":2,"minecraft:crafting_table":9,"minecraft:lectern":1,"chipped:carpenters_table":2,"minecraft:copper_ore":1,"minecraft:lapis_ore":2,"minecraft:diorite":3,"minecraft:sweet_berry_bush":7,"minecraft:black_wall_banner":1,"minecraft:spruce_log":203,"minecraft:white_wall_banner":1,"minecraft:yellow_bed":3,"chipped:spruce_planks_shavings":3,"minecraft:coal_ore":47,"quark:spruce_chest":3,"minecraft:cobweb":19,"minecraft:stone_bricks":3,"minecraft:mossy_stone_bricks":2,"minecraft:fern":1},"minecraft:killed_by":{"minecraft:creeper":1,"minecraft:vindicator":2},"minecraft:picked_up":{"minecraft:black_carpet":2,"minecraft:lead":1,"minecraft:potion":1,"minecraft:string":29,"minecraft:raw_copper":2,"minecraft:tnt_minecart":1,"minecraft:gold_nugget":8,"minecraft:cobbled_deepslate":2,"biomesoplenty:fir_planks":1,"minecraft:spruce_planks":71,"twigs:pebble":28,"minecraft:calcite":54,"minecraft:enchanted_golden_apple":2,"delightful:green_tea_leaf":3,"farmersdelight:cabbage_seeds":4,"minecraft:furnace":3,"minecraft:birch_trapdoor":1,"minecraft:torch":3,"conjurer_illager:throwable_ball":10,"minecraft:porkchop":3,"minecraft:cherry_log":10,"minecraft:diorite":4,"minecraft:rotten_flesh":5,"minecraft:snowball":50,"minecraft:cobblestone":74,"minecraft:feather":2,"minecraft:andesite":1,"minecraft:golden_leggings":1,"minecraft:smoker":3,"biomesoplenty:fir_sapling":2,"biomesoplenty:fir_log":12,"minecraft:flint":1,"minecraft:map":1,"minecraft:lapis_lazuli":24,"minecraft:dirt":123,"minecraft:lantern":1,"biomesoplenty:snowblossom_sapling":4,"minecraft:bone":7,"minecraft:bow":1,"minecraft:stonecutter":1,"minecraft:wheat_seeds":2,"minecraft:grindstone":1,"minecraft:mossy_stone_bricks":2,"twigs:twig":28,"minecraft:glowstone_dust":3,"minecraft:powered_rail":3,"alexsmobs:blobfish":2,"quark:shale":1,"minecraft:jungle_planks":1,"minecraft:cyan_bed":5,"chipped:carpenters_table":2,"dragonmounts:dragon_egg":1,"waystones:waystone":7,"minecraft:emerald":15,"minecraft:golden_apple":1,"alexsmobs:moose_ribs":7,"minecraft:bread":6,"minecraft:dark_oak_fence":1,"minecraft:crafting_table":9,"chipped:natural_spruce_planks":37,"minecraft:chicken":2,"minecraft:chest_minecart":1,"minecraft:brown_mushroom":11,"minecraft:gold_block":1,"minecraft:item_frame":1,"twigs:opaline_seashell":2,"quark:spruce_chest":3,"minecraft:beef":21,"minecraft:minecart":1,"minecraft:iron_nugget":16,"minecraft:poppy":5,"chipped:spruce_planks_shavings":3,"minecraft:lectern":1,"minecraft:chest":1,"minecraft:egg":3,"minecraft:raw_iron":20,"minecraft:stripped_mangrove_wood":12,"minecraft:spruce_fence":1,"farmersdelight:tomato_seeds":9,"alexsmobs:crocodile_scute":1,"minecraft:arrow":17,"minecraft:pumpkin_pie":12,"minecraft:hay_block":11,"minecraft:black_banner":1,"minecraft:totem_of_undying":2,"minecraft:glistering_melon_slice":7,"minecraft:glow_berries":6,"minecraft:rail":12,"minecraft:white_wool":1,"minecraft:leather":6,"minecraft:red_mushroom":17,"minecraft:oak_log":3,"minecraft:yellow_bed":4,"minecraft:gunpowder":2,"minecraft:wooden_hoe":1,"minecraft:paper":4,"minecraft:white_banner":2,"comforts:rope_and_nail":2,"minecraft:stone_bricks":2,"minecraft:iron_ingot":11,"minecraft:iron_sword":2,"minecraft:book":72,"minecraft:oak_slab":4,"minecraft:sweet_berries":27,"minecraft:gravel":25,"minecraft:spruce_sapling":67,"minecraft:blast_furnace":3,"minecraft:spruce_log":204,"minecraft:spider_eye":7,"minecraft:spruce_door":2,"villagersplus:oceanographer_table":1,"minecraft:pumpkin_seeds":2,"minecraft:stone_axe":1,"minecraft:iron_helmet":1,"minecraft:coal":47,"minecraft:ender_pearl":1}},"DataVersion":3465}