{"stats":{"minecraft:picked_up":{"minecraft:crafting_table":1,"minecraft:feather":1,"minecraft:chicken":1,"minecraft:sweet_berries":27,"minecraft:spruce_sapling":51,"minecraft:spruce_log":90,"minecraft:string":2,"minecraft:bone":1,"minecraft:arrow":2,"minecraft:rotten_flesh":2,"minecraft:stone_axe":1,"minecraft:bow":1,"twigs:twig":12,"delightful:green_tea_leaf":2,"minecraft:cobblestone":12,"minecraft:egg":3},"minecraft:used":{"minecraft:wooden_axe":58,"minecraft:stone_sword":14,"minecraft:wooden_pickaxe":12,"minecraft:rotten_flesh":2,"minecraft:stone_axe":58,"minecraft:cobblestone":1,"minecraft:sweet_berries":16,"minecraft:crafting_table":2},"minecraft:custom":{"minecraft:time_since_rest":18190,"minecraft:sprint_one_cm":69342,"minecraft:damage_taken":160,"minecraft:walk_one_cm":36164,"minecraft:mob_kills":7,"minecraft:drop":4,"minecraft:damage_dealt":1005,"minecraft:swim_one_cm":619,"minecraft:interact_with_crafting_table":8,"minecraft:fly_one_cm":72948,"minecraft:crouch_one_cm":1170,"minecraft:play_time":18190,"minecraft:sneak_time":328,"minecraft:walk_under_water_one_cm":1694,"minecraft:jump":293,"minecraft:leave_game":2,"minecraft:time_since_death":18190,"minecraft:walk_on_water_one_cm":946,"minecraft:total_world_time":18190,"minecraft:fall_one_cm":6610},"minecraft:broken":{"minecraft:wooden_axe":1},"minecraft:mined":{"minecraft:sweet_berry_bush":7,"minecraft:spruce_log":91,"minecraft:crafting_table":1,"minecraft:spruce_leaves":3,"minecraft:stone":12,"minecraft:fern":1},"minecraft:killed":{"minecraft:skeleton":2,"minecraft:zombie":1,"minecraft:chicken":2,"minecraft:spider":2},"minecraft:dropped":{"minecraft:stone_axe":1,"minecraft:wooden_pickaxe":1,"minecraft:spruce_sapling":21},"minecraft:crafted":{"minecraft:crafting_table":2,"minecraft:spruce_planks":16,"minecraft:stick":14,"minecraft:wooden_pickaxe":1,"minecraft:stone_pickaxe":1,"minecraft:wooden_axe":1,"minecraft:stone_sword":1,"minecraft:stone_axe":1}},"DataVersion":3465}