{"stats":{"minecraft:broken":{"minecraft:stone_axe":1,"minecraft:wooden_axe":1},"minecraft:used":{"minecraft:diorite":2,"minecraft:stone_sword":74,"minecraft:stone_shovel":50,"minecraft:stone_pickaxe":75,"minecraft:wooden_pickaxe":12,"minecraft:cooked_chicken":2,"minecraft:rotten_flesh":2,"minecraft:torch":2,"minecraft:dirt":37,"minecraft:crafting_table":7,"minecraft:snowball":21,"minecraft:smoker":2,"minecraft:wooden_axe":58,"minecraft:wooden_hoe":12,"minecraft:bread":16,"delightful:green_tea_leaf":3,"minecraft:stone_axe":219,"minecraft:cobblestone":1,"minecraft:sweet_berries":30,"minecraft:furnace":3,"minecraft:cooked_porkchop":1,"minecraft:yellow_bed":2,"minecraft:cooked_beef":3,"farmersdelight:fried_egg":3},"minecraft:dropped":{"minecraft:stone_axe":1,"minecraft:raw_copper":2,"minecraft:feather":2,"minecraft:rotten_flesh":2,"minecraft:apple":5,"quark:shale":1,"biomesoplenty:fir_sapling":2,"minecraft:wooden_hoe":1,"alexsmobs:moose_ribs":1,"minecraft:spider_eye":2,"minecraft:wooden_pickaxe":1,"minecraft:bone":2,"minecraft:spruce_sapling":60},"minecraft:crafted":{"minecraft:cooked_beef":3,"minecraft:stone_shovel":1,"minecraft:cooked_porkchop":1,"minecraft:crafting_table":2,"minecraft:spruce_planks":20,"minecraft:wooden_pickaxe":1,"minecraft:cooked_chicken":2,"minecraft:furnace":3,"minecraft:stone_axe":2,"minecraft:bread":33,"minecraft:air":0,"farmersdelight:fried_egg":3,"minecraft:charcoal":24,"minecraft:stick":68,"minecraft:stone_pickaxe":1,"minecraft:wooden_axe":1,"minecraft:stone_sword":1,"minecraft:torch":4,"minecraft:wheat":99,"minecraft:smoker":1},"minecraft:killed":{"minecraft:pig":2,"minecraft:vindicator":2,"minecraft:spider":4,"alexsmobs:snow_leopard":1,"illagerinvasion:basher":1,"minecraft:creeper":1,"minecraft:skeleton":3,"friendsandfoes:glare":1,"minecraft:zombie":6,"minecraft:chicken":3,"illagerinvasion:provoker":1,"minecraft:illusioner":1,"minecraft:player":5,"minecraft:enderman":1,"minecraft:cow":7},"minecraft:custom":{"minecraft:interact_with_furnace":10,"minecraft:mob_kills":34,"minecraft:interact_with_crafting_table":17,"minecraft:leave_game":2,"minecraft:time_since_death":451,"minecraft:sleep_in_bed":2,"minecraft:climb_one_cm":470,"minecraft:time_since_rest":481,"minecraft:waystone_activated":2,"minecraft:sprint_one_cm":343683,"minecraft:damage_taken":1621,"minecraft:walk_one_cm":152991,"minecraft:drop":17,"minecraft:damage_dealt":6418,"twilightforest:life_charms_activated":1,"minecraft:swim_one_cm":12167,"minecraft:talked_to_villager":1,"minecraft:fly_one_cm":423170,"minecraft:player_kills":5,"minecraft:open_chest":6,"minecraft:crouch_one_cm":11850,"minecraft:play_time":112257,"minecraft:deaths":1,"minecraft:sneak_time":3988,"minecraft:walk_under_water_one_cm":2626,"minecraft:jump":1643,"minecraft:walk_on_water_one_cm":2086,"minecraft:total_world_time":112257,"minecraft:interact_with_smoker":18,"minecraft:fall_one_cm":46057},"minecraft:mined":{"quark:shale":4,"minecraft:smoker":2,"minecraft:cherry_log":10,"minecraft:crafting_table":7,"minecraft:torch":1,"minecraft:grass_block":10,"minecraft:chest":1,"minecraft:copper_ore":1,"minecraft:spruce_leaves":22,"minecraft:lapis_ore":2,"minecraft:diorite":2,"minecraft:large_fern":3,"minecraft:hay_block":11,"minecraft:furnace":2,"minecraft:sweet_berry_bush":7,"minecraft:snow":2,"minecraft:spruce_log":178,"minecraft:yellow_bed":2,"biomesoplenty:fir_log":12,"minecraft:coal_ore":24,"minecraft:dirt":38,"minecraft:stone":47,"minecraft:fern":1},"minecraft:killed_by":{"minecraft:vindicator":1},"minecraft:picked_up":{"minecraft:crafting_table":7,"minecraft:feather":2,"minecraft:chicken":2,"minecraft:leather":5,"minecraft:smoker":2,"biomesoplenty:fir_log":12,"biomesoplenty:fir_sapling":2,"minecraft:oak_log":3,"minecraft:yellow_bed":2,"minecraft:lapis_lazuli":15,"minecraft:string":5,"minecraft:wooden_hoe":1,"minecraft:dirt":62,"minecraft:raw_copper":2,"biomesoplenty:snowblossom_sapling":4,"minecraft:bone":3,"minecraft:bow":1,"minecraft:iron_ingot":1,"minecraft:beef":16,"minecraft:chest":1,"twigs:twig":28,"delightful:green_tea_leaf":3,"minecraft:egg":3,"minecraft:furnace":2,"minecraft:sweet_berries":27,"quark:shale":1,"minecraft:torch":1,"minecraft:porkchop":3,"minecraft:cherry_log":10,"minecraft:spruce_sapling":66,"minecraft:diorite":2,"minecraft:spruce_log":179,"alexsmobs:crocodile_scute":1,"minecraft:spider_eye":2,"minecraft:arrow":7,"minecraft:rotten_flesh":4,"minecraft:stone_axe":1,"waystones:waystone":2,"minecraft:hay_block":11,"minecraft:emerald":1,"alexsmobs:moose_ribs":1,"minecraft:bread":3,"minecraft:coal":24,"minecraft:snowball":18,"minecraft:cobblestone":45,"minecraft:ender_pearl":1}},"DataVersion":3465}