{"stats":{"minecraft:broken":{"minecraft:stone_axe":2,"minecraft:wooden_axe":1},"minecraft:used":{"minecraft:stone_sword":110,"minecraft:stone_shovel":50,"minecraft:chest":1,"minecraft:spruce_planks":6,"minecraft:rotten_flesh":2,"minecraft:cooked_chicken":2,"minecraft:torch":2,"minecraft:dirt":37,"minecraft:snowball":21,"minecraft:wooden_axe":58,"minecraft:totem_of_undying":1,"delightful:green_tea_leaf":3,"minecraft:sweet_berries":30,"minecraft:furnace":3,"minecraft:cooked_beef":3,"farmersdelight:fried_egg":3,"minecraft:diorite":2,"minecraft:stone_pickaxe":80,"minecraft:wooden_pickaxe":12,"minecraft:crafting_table":7,"illagerinvasion:lost_candle":1,"minecraft:smoker":3,"waystones:waystone":1,"minecraft:wooden_hoe":12,"minecraft:bread":25,"minecraft:stone_axe":246,"minecraft:cobblestone":1,"minecraft:cooked_porkchop":1,"minecraft:yellow_bed":2},"minecraft:dropped":{"minecraft:bread":3,"minecraft:feather":2,"minecraft:apple":5,"biomesoplenty:fir_sapling":2,"minecraft:wooden_hoe":1,"minecraft:spruce_sapling":60,"minecraft:bone":2,"minecraft:stone_axe":1,"minecraft:raw_copper":2,"minecraft:black_carpet":2,"minecraft:rotten_flesh":2,"quark:shale":1,"alexsmobs:moose_ribs":1,"minecraft:spider_eye":2,"minecraft:wooden_pickaxe":1},"minecraft:crafted":{"minecraft:stone_shovel":1,"minecraft:cooked_chicken":2,"minecraft:furnace":3,"minecraft:stone_pickaxe":1,"minecraft:smoker":1,"minecraft:wheat":99,"minecraft:cooked_beef":16,"minecraft:cooked_porkchop":1,"minecraft:crafting_table":2,"minecraft:spruce_planks":148,"minecraft:wooden_pickaxe":1,"minecraft:stone_axe":2,"minecraft:bread":33,"minecraft:air":0,"farmersdelight:fried_egg":3,"minecraft:charcoal":24,"minecraft:stick":68,"minecraft:wooden_axe":1,"minecraft:stone_sword":1,"minecraft:torch":4},"minecraft:custom":{"minecraft:mob_kills":45,"minecraft:interact_with_crafting_table":17,"minecraft:leave_game":2,"minecraft:time_since_death":12451,"minecraft:climb_one_cm":470,"minecraft:sprint_one_cm":447241,"minecraft:walk_one_cm":176635,"minecraft:drop":21,"minecraft:talked_to_villager":1,"minecraft:play_time":124257,"minecraft:deaths":1,"minecraft:sneak_time":4242,"minecraft:walk_under_water_one_cm":2626,"minecraft:jump":1873,"minecraft:walk_on_water_one_cm":2592,"minecraft:total_world_time":124257,"minecraft:interact_with_furnace":10,"minecraft:sleep_in_bed":2,"minecraft:time_since_rest":12481,"minecraft:waystone_activated":3,"minecraft:damage_taken":2081,"minecraft:damage_dealt":8784,"twilightforest:life_charms_activated":1,"minecraft:swim_one_cm":12167,"minecraft:fly_one_cm":484925,"minecraft:player_kills":5,"minecraft:open_chest":30,"minecraft:crouch_one_cm":12573,"minecraft:interact_with_smoker":21,"minecraft:fall_one_cm":47636},"minecraft:killed":{"illagerinvasion:archivist":3,"minecraft:evoker":2,"minecraft:spider":4,"minecraft:vindicator":4,"alexsmobs:snow_leopard":1,"illagerinvasion:basher":3,"minecraft:skeleton":3,"friendsandfoes:glare":1,"minecraft:chicken":3,"illagerinvasion:provoker":3,"minecraft:illusioner":1,"minecraft:pig":2,"minecraft:creeper":1,"minecraft:zombie":6,"minecraft:player":5,"minecraft:enderman":1,"minecraft:cow":7},"minecraft:mined":{"quark:shale":4,"minecraft:cherry_log":10,"minecraft:grass_block":10,"minecraft:spruce_leaves":22,"minecraft:large_fern":3,"minecraft:hay_block":11,"minecraft:glowstone":1,"minecraft:furnace":2,"minecraft:snow":2,"minecraft:bookshelf":19,"minecraft:stone":47,"supplementaries:book_pile_horizontal":1,"minecraft:smoker":2,"minecraft:crafting_table":7,"minecraft:torch":1,"minecraft:chest":1,"minecraft:copper_ore":1,"minecraft:lapis_ore":2,"minecraft:grindstone":1,"minecraft:diorite":2,"minecraft:sweet_berry_bush":7,"minecraft:black_wall_banner":1,"minecraft:spruce_log":178,"biomesoplenty:fir_log":12,"minecraft:white_wall_banner":1,"minecraft:yellow_bed":2,"minecraft:coal_ore":24,"minecraft:dirt":38,"minecraft:stonecutter":1,"minecraft:fern":1},"minecraft:killed_by":{"minecraft:vindicator":1},"minecraft:picked_up":{"minecraft:crafting_table":7,"minecraft:black_carpet":2,"minecraft:chicken":2,"minecraft:string":5,"minecraft:raw_copper":2,"minecraft:beef":16,"minecraft:iron_nugget":16,"delightful:green_tea_leaf":3,"minecraft:chest":1,"minecraft:furnace":2,"minecraft:egg":3,"minecraft:torch":1,"minecraft:porkchop":3,"minecraft:cherry_log":10,"minecraft:diorite":2,"alexsmobs:crocodile_scute":1,"minecraft:arrow":11,"minecraft:rotten_flesh":4,"minecraft:hay_block":11,"minecraft:totem_of_undying":2,"minecraft:black_banner":1,"minecraft:cobblestone":45,"minecraft:snowball":18,"minecraft:feather":2,"minecraft:leather":5,"minecraft:smoker":2,"biomesoplenty:fir_sapling":2,"biomesoplenty:fir_log":12,"minecraft:oak_log":3,"minecraft:yellow_bed":2,"minecraft:wooden_hoe":1,"minecraft:lapis_lazuli":15,"minecraft:dirt":62,"minecraft:paper":4,"minecraft:white_banner":1,"biomesoplenty:snowblossom_sapling":4,"minecraft:bone":3,"minecraft:stonecutter":1,"minecraft:bow":1,"minecraft:grindstone":1,"minecraft:iron_ingot":1,"minecraft:glowstone_dust":3,"twigs:twig":28,"minecraft:book":60,"minecraft:sweet_berries":27,"quark:shale":1,"minecraft:spruce_sapling":66,"minecraft:spruce_log":179,"minecraft:spider_eye":2,"minecraft:stone_axe":1,"waystones:waystone":3,"alexsmobs:moose_ribs":1,"minecraft:bread":3,"minecraft:emerald":6,"minecraft:coal":24,"minecraft:ender_pearl":1}},"DataVersion":3465}