{"stats":{"minecraft:broken":{"minecraft:stone_axe":2,"minecraft:wooden_axe":1},"minecraft:used":{"minecraft:stone_sword":117,"minecraft:stone_shovel":50,"minecraft:chest":1,"minecraft:spruce_planks":6,"minecraft:shield":7,"minecraft:iron_sword":12,"minecraft:rotten_flesh":2,"minecraft:cooked_chicken":2,"minecraft:torch":2,"minecraft:dirt":37,"minecraft:snowball":21,"minecraft:wooden_axe":58,"minecraft:totem_of_undying":1,"delightful:green_tea_leaf":3,"minecraft:sweet_berries":30,"minecraft:furnace":3,"minecraft:cooked_beef":6,"farmersdelight:fried_egg":3,"minecraft:diorite":2,"minecraft:stone_pickaxe":82,"minecraft:wooden_pickaxe":12,"minecraft:golden_apple":1,"minecraft:crafting_table":8,"minecraft:black_banner":1,"illagerinvasion:lost_candle":1,"minecraft:smoker":4,"waystones:waystone":1,"minecraft:wooden_hoe":12,"minecraft:bread":30,"minecraft:stone_axe":258,"minecraft:cobblestone":1,"minecraft:cooked_porkchop":1,"minecraft:yellow_bed":2},"minecraft:dropped":{"minecraft:bread":6,"illagerinvasion:lost_candle":1,"minecraft:minecart":1,"minecraft:feather":2,"minecraft:cobblestone":2,"minecraft:apple":5,"biomesoplenty:fir_sapling":2,"minecraft:wooden_hoe":1,"minecraft:spruce_sapling":60,"minecraft:bone":2,"minecraft:furnace":1,"minecraft:stone_axe":1,"minecraft:iron_nugget":7,"minecraft:raw_copper":2,"minecraft:black_carpet":2,"minecraft:rotten_flesh":2,"minecraft:glowstone_dust":3,"quark:shale":1,"minecraft:spruce_planks":54,"minecraft:melon_seeds":4,"alexsmobs:moose_ribs":1,"minecraft:spider_eye":2,"minecraft:wooden_pickaxe":1},"minecraft:crafted":{"minecraft:stone_shovel":1,"minecraft:cooked_chicken":2,"minecraft:furnace":3,"minecraft:stone_pickaxe":1,"minecraft:smoker":1,"minecraft:wheat":99,"minecraft:cooked_beef":17,"minecraft:cooked_porkchop":1,"minecraft:crafting_table":3,"minecraft:spruce_planks":148,"minecraft:wooden_pickaxe":1,"minecraft:stone_axe":3,"minecraft:bread":33,"minecraft:air":0,"farmersdelight:fried_egg":3,"minecraft:charcoal":24,"minecraft:shield":2,"minecraft:stick":72,"minecraft:iron_ingot":1,"minecraft:wooden_axe":1,"minecraft:stone_sword":1,"minecraft:torch":4},"minecraft:custom":{"minecraft:mob_kills":48,"minecraft:interact_with_crafting_table":20,"minecraft:leave_game":2,"minecraft:time_since_death":24451,"minecraft:climb_one_cm":1385,"minecraft:sprint_one_cm":487225,"minecraft:walk_one_cm":199116,"minecraft:damage_blocked_by_shield":240,"minecraft:drop":30,"minecraft:talked_to_villager":1,"minecraft:play_time":136257,"minecraft:deaths":1,"minecraft:sneak_time":4313,"minecraft:walk_under_water_one_cm":2626,"minecraft:jump":2103,"minecraft:walk_on_water_one_cm":2751,"minecraft:total_world_time":136257,"minecraft:interact_with_furnace":17,"minecraft:sleep_in_bed":3,"minecraft:time_since_rest":11281,"minecraft:waystone_activated":3,"minecraft:damage_taken":2774,"minecraft:damage_absorbed":40,"minecraft:damage_dealt":9659,"twilightforest:life_charms_activated":1,"minecraft:swim_one_cm":12167,"minecraft:fly_one_cm":558344,"minecraft:player_kills":5,"minecraft:open_chest":41,"minecraft:crouch_one_cm":12737,"minecraft:interact_with_smoker":24,"minecraft:fall_one_cm":54517},"minecraft:killed":{"illagerinvasion:archivist":3,"minecraft:evoker":2,"minecraft:spider":4,"minecraft:vindicator":4,"alexsmobs:snow_leopard":1,"illagerinvasion:basher":3,"minecraft:skeleton":6,"friendsandfoes:glare":1,"minecraft:chicken":3,"illagerinvasion:provoker":3,"minecraft:illusioner":1,"minecraft:pig":2,"minecraft:creeper":1,"minecraft:zombie":6,"minecraft:player":5,"minecraft:enderman":1,"minecraft:cow":7},"minecraft:mined":{"quark:shale":4,"minecraft:cherry_log":10,"minecraft:grass_block":10,"minecraft:spruce_leaves":22,"minecraft:large_fern":3,"minecraft:hay_block":11,"minecraft:glowstone":1,"minecraft:furnace":3,"minecraft:snow":2,"minecraft:bookshelf":19,"minecraft:spruce_wood":5,"minecraft:stone":47,"supplementaries:book_pile_horizontal":1,"minecraft:smoker":3,"minecraft:crafting_table":7,"minecraft:torch":1,"minecraft:chest":1,"minecraft:copper_ore":1,"minecraft:lapis_ore":2,"minecraft:grindstone":1,"minecraft:oak_planks":1,"minecraft:diorite":2,"minecraft:sweet_berry_bush":7,"minecraft:black_wall_banner":1,"minecraft:spruce_log":178,"biomesoplenty:fir_log":12,"minecraft:white_wall_banner":1,"minecraft:yellow_bed":3,"minecraft:coal_ore":24,"minecraft:dirt":38,"minecraft:stonecutter":1,"minecraft:fern":1},"minecraft:killed_by":{"minecraft:vindicator":1},"minecraft:picked_up":{"minecraft:crafting_table":7,"minecraft:black_carpet":2,"minecraft:chicken":2,"minecraft:string":5,"minecraft:raw_copper":2,"minecraft:spruce_planks":54,"minecraft:beef":16,"minecraft:iron_nugget":16,"minecraft:minecart":1,"delightful:green_tea_leaf":3,"minecraft:chest":1,"minecraft:furnace":3,"minecraft:egg":3,"minecraft:torch":1,"minecraft:porkchop":3,"minecraft:cherry_log":10,"minecraft:diorite":2,"alexsmobs:crocodile_scute":1,"minecraft:arrow":14,"minecraft:rotten_flesh":4,"minecraft:hay_block":11,"minecraft:totem_of_undying":2,"minecraft:black_banner":1,"minecraft:cobblestone":45,"minecraft:snowball":18,"minecraft:feather":2,"minecraft:leather":5,"minecraft:smoker":3,"biomesoplenty:fir_sapling":2,"biomesoplenty:fir_log":12,"minecraft:oak_log":3,"minecraft:yellow_bed":3,"minecraft:wooden_hoe":1,"minecraft:lapis_lazuli":15,"minecraft:dirt":62,"minecraft:paper":4,"minecraft:white_banner":1,"biomesoplenty:snowblossom_sapling":4,"minecraft:bone":7,"minecraft:stonecutter":1,"minecraft:bow":1,"minecraft:grindstone":1,"minecraft:iron_ingot":1,"minecraft:glowstone_dust":3,"twigs:twig":28,"minecraft:book":60,"minecraft:sweet_berries":27,"quark:shale":1,"minecraft:spruce_sapling":66,"minecraft:spruce_log":179,"minecraft:spider_eye":2,"minecraft:stone_axe":1,"waystones:waystone":3,"alexsmobs:moose_ribs":1,"minecraft:bread":6,"minecraft:emerald":6,"minecraft:coal":24,"minecraft:ender_pearl":1}},"DataVersion":3465}