{"stats":{"minecraft:broken":{"minecraft:wooden_axe":1},"minecraft:used":{"minecraft:wooden_axe":58,"minecraft:stone_sword":34,"minecraft:stone_shovel":30,"minecraft:stone_pickaxe":30,"minecraft:wooden_pickaxe":12,"minecraft:cooked_chicken":2,"minecraft:rotten_flesh":2,"minecraft:stone_axe":116,"minecraft:cobblestone":1,"minecraft:sweet_berries":30,"minecraft:crafting_table":5,"minecraft:furnace":3,"minecraft:smoker":1},"minecraft:dropped":{"minecraft:stone_axe":1,"minecraft:rotten_flesh":2,"minecraft:wooden_pickaxe":1,"minecraft:spruce_sapling":21},"minecraft:crafted":{"minecraft:stone_shovel":1,"minecraft:charcoal":24,"minecraft:crafting_table":2,"minecraft:stick":14,"minecraft:spruce_planks":16,"minecraft:cooked_chicken":2,"minecraft:wooden_pickaxe":1,"minecraft:stone_pickaxe":1,"minecraft:wooden_axe":1,"minecraft:stone_sword":1,"minecraft:furnace":3,"minecraft:stone_axe":1,"minecraft:smoker":1,"minecraft:air":0},"minecraft:killed":{"minecraft:skeleton":2,"minecraft:zombie":5,"minecraft:chicken":3,"minecraft:spider":4,"minecraft:player":1,"minecraft:creeper":1,"minecraft:cow":1},"minecraft:custom":{"minecraft:time_since_rest":52257,"minecraft:interact_with_furnace":10,"minecraft:sprint_one_cm":127317,"minecraft:damage_taken":525,"minecraft:walk_one_cm":65260,"minecraft:mob_kills":16,"minecraft:drop":5,"minecraft:damage_dealt":2518,"minecraft:player_kills":1,"minecraft:interact_with_crafting_table":15,"minecraft:swim_one_cm":12167,"minecraft:fly_one_cm":113996,"minecraft:crouch_one_cm":3735,"minecraft:play_time":52257,"minecraft:sneak_time":1440,"minecraft:walk_under_water_one_cm":2336,"minecraft:jump":477,"minecraft:time_since_death":52257,"minecraft:leave_game":2,"minecraft:walk_on_water_one_cm":1669,"minecraft:interact_with_smoker":5,"minecraft:total_world_time":52257,"minecraft:fall_one_cm":9240},"minecraft:mined":{"minecraft:large_fern":3,"minecraft:furnace":1,"minecraft:snow":1,"minecraft:sweet_berry_bush":7,"minecraft:spruce_log":130,"minecraft:crafting_table":3,"minecraft:grass_block":4,"minecraft:dirt":25,"minecraft:spruce_leaves":12,"minecraft:stone":41,"minecraft:fern":1},"minecraft:picked_up":{"minecraft:crafting_table":3,"minecraft:feather":2,"minecraft:chicken":2,"minecraft:sweet_berries":27,"minecraft:spruce_sapling":57,"minecraft:spider_eye":1,"minecraft:spruce_log":128,"minecraft:wooden_hoe":1,"minecraft:dirt":45,"minecraft:string":3,"minecraft:arrow":4,"minecraft:bone":1,"minecraft:rotten_flesh":4,"minecraft:stone_axe":1,"minecraft:bow":1,"minecraft:beef":3,"twigs:twig":12,"delightful:green_tea_leaf":3,"minecraft:snowball":17,"minecraft:furnace":1,"minecraft:cobblestone":41,"minecraft:egg":3}},"DataVersion":3465}