{"stats":{"minecraft:broken":{"minecraft:wooden_axe":1},"minecraft:used":{"minecraft:wooden_axe":58,"minecraft:stone_sword":14,"minecraft:stone_shovel":19,"minecraft:stone_pickaxe":15,"minecraft:wooden_pickaxe":12,"minecraft:cooked_chicken":1,"minecraft:rotten_flesh":2,"minecraft:stone_axe":80,"minecraft:cobblestone":1,"minecraft:sweet_berries":16,"minecraft:crafting_table":4,"minecraft:furnace":1},"minecraft:dropped":{"minecraft:stone_axe":1,"minecraft:wooden_pickaxe":1,"minecraft:spruce_sapling":21},"minecraft:crafted":{"minecraft:stone_shovel":1,"minecraft:charcoal":16,"minecraft:crafting_table":2,"minecraft:stick":14,"minecraft:spruce_planks":16,"minecraft:cooked_chicken":1,"minecraft:wooden_pickaxe":1,"minecraft:stone_pickaxe":1,"minecraft:wooden_axe":1,"minecraft:stone_sword":1,"minecraft:furnace":1,"minecraft:stone_axe":1,"minecraft:air":0},"minecraft:killed":{"minecraft:skeleton":2,"minecraft:zombie":1,"minecraft:chicken":2,"minecraft:spider":2},"minecraft:custom":{"minecraft:time_since_rest":28257,"minecraft:interact_with_furnace":4,"minecraft:sprint_one_cm":75454,"minecraft:damage_taken":160,"minecraft:walk_one_cm":40868,"minecraft:mob_kills":7,"minecraft:drop":4,"minecraft:damage_dealt":1005,"minecraft:interact_with_crafting_table":11,"minecraft:swim_one_cm":619,"minecraft:fly_one_cm":75006,"minecraft:crouch_one_cm":2632,"minecraft:play_time":28257,"minecraft:sneak_time":873,"minecraft:walk_under_water_one_cm":1694,"minecraft:jump":312,"minecraft:time_since_death":28257,"minecraft:leave_game":2,"minecraft:walk_on_water_one_cm":946,"minecraft:total_world_time":28257,"minecraft:fall_one_cm":6610},"minecraft:mined":{"minecraft:furnace":1,"minecraft:sweet_berry_bush":7,"minecraft:spruce_log":105,"minecraft:crafting_table":3,"minecraft:grass_block":3,"minecraft:dirt":16,"minecraft:spruce_leaves":7,"minecraft:stone":26,"minecraft:fern":1},"minecraft:picked_up":{"minecraft:crafting_table":3,"minecraft:feather":1,"minecraft:chicken":1,"minecraft:sweet_berries":27,"minecraft:spruce_sapling":56,"minecraft:spruce_log":104,"minecraft:wooden_hoe":1,"minecraft:dirt":19,"minecraft:string":2,"minecraft:arrow":2,"minecraft:bone":1,"minecraft:rotten_flesh":2,"minecraft:stone_axe":1,"minecraft:bow":1,"twigs:twig":12,"delightful:green_tea_leaf":3,"minecraft:furnace":1,"minecraft:cobblestone":26,"minecraft:egg":3}},"DataVersion":3465}